,Index,InvoiceNo,UnitPrice,OrderValue,Quantity,Country,InvoiceDate,InvoiceTime,Year-Month,Major Category,Minor Category,Description
0,0,549185,0.85,10.2,12,United Kingdom,7/4/11,09:35,2011-04,Clothes,Tops, PACK OF 20 NAPKINS PANTRY DESIGN   
1,1,576381,2.95,35.4,12,United Kingdom,15/11/11,09:26,2011-11,Clothes,Shoes, NATURAL SLATE HEART CHALKBOARD     
2,2,551192,1.25,20.0,16,United Kingdom,27/4/11,10:54,2011-04,Kitchen,Cutlery, 36 PENCILS TUBE SKULLS             
3,3,573553,7.46,7.46,1,United Kingdom,31/10/11,13:48,2011-10,Garden,Turf, SET 6 SCHOOL MILK BOTTLES IN CRATE 
4,4,539436,2.51,2.51,1,United Kingdom,17/12/10,14:49,2010-12,Garden,Hoses, FINE WICKER HEART                  
5,5,580893,3.95,3.95,1,United Kingdom,6/12/11,12:38,2011-12,Garden,Hoses, SEWING BOX RETROSPOT DESIGN        
6,6,568321,2.1,12.6,6,United Kingdom,26/9/11,13:36,2011-09,Clothes,Hats, 3 TRADITIONAl BISCUIT CUTTERS  SET 
7,7,552949,4.95,29.7,6,United Kingdom,12/5/11,12:01,2011-05,Clothes,Tops, BULL DOG BOTTLE OPENER             
8,8,567461,2.46,44.28,18,United Kingdom,20/9/11,12:31,2011-09,Household,Curtains, STRAWBERRY CHARLOTTE BAG           
9,9,542121,1.69,3.38,2,United Kingdom,25/1/11,14:33,2011-01,Household,Lamps, FAIRY SOAP SOAP HOLDER             
10,10,566913,0.39,1.56,4,United Kingdom,15/9/11,14:07,2011-09,Kitchen,Cooking Knives, PACK OF 12 VINTAGE DOILY TISSUES   
11,11,550477,0.55,0.55,1,United Kingdom,18/4/11,14:01,2011-04,Household,Lamps, PACK OF 60 DINOSAUR CAKE CASES     
12,12,538663,12.75,25.5,2,United Kingdom,13/12/10,15:45,2010-12,Household,Rugs, CAKE STAND 3 TIER MAGIC GARDEN     
13,13,570715,1.25,30.0,24,United Kingdom,12/10/11,10:23,2011-10,Household,Chairs, ICE CREAM PEN LIP GLOSS            
14,14,549299,1.65,16.5,10,United Kingdom,8/4/11,08:20,2011-04,Clothes,Shoes, LUNCH BAG CARS BLUE                
15,15,559902,1.65,1.65,1,United Kingdom,13/7/11,13:14,2011-07,Kitchen,Coasters, 6 RIBBONS RUSTIC CHARM             
16,16,537369,4.25,4.25,1,United Kingdom,6/12/10,12:41,2010-12,Clothes,Tops, ROSE 3 WICK MORRIS BOX CANDLE      
17,17,564353,2.1,25.2,12,United Kingdom,24/8/11,15:08,2011-08,Kitchen,Scales, HAND WARMER SCOTTY DOG DESIGN      
18,18,562455,4.25,25.5,6,United Kingdom,5/8/11,10:32,2011-08,Household,Rugs, JAM MAKING SET WITH JARS           
19,19,539451,1.28,1.28,1,United Kingdom,17/12/10,16:59,2010-12,Clothes,Shoes, 12 PENCILS SMALL TUBE RED RETROSPOT
20,20,537057,2.95,2.95,1,United Kingdom,5/12/10,11:49,2010-12,Household,Rugs, PAPER CHAIN KIT 50'S CHRISTMAS     
21,21,549568,1.45,34.8,24,United Kingdom,10/4/11,15:09,2011-04,Clothes,Hats, LAUNDRY 15C METAL SIGN             
22,22,564758,3.29,3.29,1,United Kingdom,30/8/11,10:39,2011-08,Clothes,Shoes, PANTRY MAGNETIC  SHOPPING LIST     
23,23,541424,2.46,2.46,1,United Kingdom,17/1/11,17:57,2011-01,Household,Chairs, SUMMER BUTTERFLIES BAG CHARM       
24,24,559000,4.95,9.9,2,United Kingdom,5/7/11,12:15,2011-07,Household,Curtains, SPOTTY BUNTING                     
25,25,550438,1.25,15.0,12,United Kingdom,18/4/11,12:16,2011-04,Kitchen,Cooking Knives, PINK BLUE FELT CRAFT TRINKET BOX   
26,26,549556,2.55,10.2,4,United Kingdom,10/4/11,12:53,2011-04,Clothes,Shoes, QUEENS GUARD COFFEE MUG            
27,27,550474,0.83,0.83,1,United Kingdom,18/4/11,13:58,2011-04,Kitchen,Cutlery, TRAVEL CARD WALLET SUKI            
28,28,559317,7.95,7.95,1,United Kingdom,7/7/11,14:03,2011-07,Clothes,Hats, DOORMAT RED RETROSPOT              
29,29,545906,2.1,12.6,6,United Kingdom,8/3/11,09:23,2011-03,Kitchen,Plates, 3 PIECE SPACEBOY COOKIE CUTTER SET 
30,30,568538,7.08,424.8,60,United Kingdom,27/9/11,14:07,2011-09,Garden,Turf, DOORMAT NEW ENGLAND                
31,31,575944,0.21,6.3,30,United Kingdom,13/11/11,11:46,2011-11,Household,Chairs, SLEEPING CAT ERASERS               
32,32,545797,2.95,2.95,1,United Kingdom,7/3/11,12:17,2011-03,Kitchen,Plates, SET 12 LAVENDER  BOTANICAL T-LIGHTS
33,33,540349,1.65,19.8,12,United Kingdom,6/1/11,14:07,2011-01,Clothes,Hats, PLASTERS IN TIN VINTAGE PAISLEY    
34,34,551174,3.29,3.29,1,United Kingdom,26/4/11,17:02,2011-04,Garden,Seeds, HOMEMADE JAM SCENTED CANDLES       
35,35,541592,1.63,9.78,6,United Kingdom,19/1/11,15:08,2011-01,Household,Curtains, SCOTTIES CHILDRENS APRON           
36,36,536769,1.25,25.0,20,United Kingdom,2/12/10,14:47,2010-12,Clothes,Hats, 3D TRADITIONAL CHRISTMAS STICKERS  
37,37,581166,2.95,2.95,1,United Kingdom,7/12/11,14:43,2011-12,Kitchen,Cutlery, PAPER CHAIN KIT 50'S CHRISTMAS     
38,38,548978,7.95,15.9,2,United Kingdom,5/4/11,12:08,2011-04,Garden,Turf, DOORMAT NEW ENGLAND                
39,39,558315,1.65,19.8,12,United Kingdom,28/6/11,11:44,2011-06,Garden,Hoses, CLOTHES PEGS RETROSPOT PACK 24     
40,40,546009,4.25,4.25,1,United Kingdom,8/3/11,15:45,2011-03,Kitchen,Coasters, AIRLINE BAG VINTAGE TOKYO 78       
41,41,542835,0.29,6.96,24,United Kingdom,1/2/11,11:30,2011-02,Garden,Hoses, JASMINE VOTIVE CANDLE              
42,42,558315,7.95,15.9,2,United Kingdom,28/6/11,11:44,2011-06,Clothes,Tops, ROUND CAKE TIN VINTAGE RED         
43,43,541695,8.29,8.29,1,United Kingdom,20/1/11,18:01,2011-01,Garden,Turf, SET OF 6 SPICE TINS PANTRY DESIGN  
44,44,551824,1.25,15.0,12,United Kingdom,4/5/11,12:32,2011-05,Household,Curtains, SET OF SALT AND PEPPER TOADSTOOLS  
45,45,553869,2.08,20.8,10,United Kingdom,19/5/11,14:27,2011-05,Household,Curtains, JUMBO BAG VINTAGE LEAF             
46,46,566602,0.83,0.83,1,United Kingdom,13/9/11,16:05,2011-09,Kitchen,Coasters," LETTER ""M"" BLING KEY RING          "
47,47,575647,1.65,9.9,6,United Kingdom,10/11/11,14:16,2011-11,Kitchen,Cutlery, PLASTERS IN TIN WOODLAND ANIMALS   
48,48,572513,1.45,2.9,2,United Kingdom,24/10/11,14:36,2011-10,Household,Lamps, SET OF 36 PAISLEY FLOWER DOILIES   
49,49,542890,2.95,11.8,4,United Kingdom,1/2/11,13:25,2011-02,Household,Lamps, PAPER BUNTING COLOURED LACE        
50,50,547883,0.55,13.2,24,United Kingdom,28/3/11,08:40,2011-03,Garden,Rakes, PACK OF 60 PINK PAISLEY CAKE CASES 
51,51,560264,2.95,17.7,6,United Kingdom,17/7/11,13:46,2011-07,Household,Chairs, NATURAL SLATE HEART CHALKBOARD     
52,52,539437,5.91,23.64,4,United Kingdom,17/12/10,14:54,2010-12,Kitchen,Plates, OFFICE MUG WARMER BLACK+SILVER     
53,53,555278,4.13,4.13,1,United Kingdom,1/6/11,17:33,2011-06,Kitchen,Cutlery, NUMBER TILE COTTAGE GARDEN 1       
54,54,581492,7.46,7.46,1,United Kingdom,9/12/11,10:03,2011-12,Garden,Rakes, FOOD COVER WITH BEADS SET 2        
55,55,568142,3.95,3.95,1,United Kingdom,25/9/11,11:22,2011-09,Garden,Rakes, GLASS APOTHECARY BOTTLE ELIXIR     
56,56,545764,2.95,70.8,24,United Kingdom,7/3/11,12:00,2011-03,Clothes,Hats, PAPER CHAIN KIT EMPIRE             
57,57,581015,1.95,15.6,8,United Kingdom,7/12/11,09:35,2011-12,Kitchen,Plates, GINGHAM HEART  DOORSTOP RED        
58,58,537397,2.1,25.2,12,United Kingdom,6/12/10,14:19,2010-12,Kitchen,Coasters, HAND WARMER BABUSHKA DESIGN        
59,59,543546,5.79,5.79,1,United Kingdom,9/2/11,16:52,2011-02,Kitchen,Scales, PAPER CHAIN KIT RETROSPOT          
60,60,567662,2.08,8.32,4,United Kingdom,21/9/11,15:12,2011-09,Kitchen,Cooking Knives, JUMBO BAG SCANDINAVIAN BLUE PAISLEY
61,61,574706,3.75,15.0,4,United Kingdom,6/11/11,14:06,2011-11,Garden,Rakes, VINTAGE SNAKES & LADDERS           
62,62,543815,1.65,3.3,2,United Kingdom,13/2/11,15:18,2011-02,Household,Curtains, EASTER TIN CHICKS PINK DAISY       
63,63,547987,0.85,8.5,10,United Kingdom,29/3/11,09:11,2011-03,Clothes,Shoes, CHARLOTTE BAG SUKI DESIGN          
64,64,575647,4.95,59.4,12,United Kingdom,10/11/11,14:16,2011-11,Household,Curtains, HOT WATER BOTTLE KEEP CALM         
65,65,551197,2.25,2.25,1,United Kingdom,27/4/11,11:26,2011-04,Kitchen,Cutlery, ABC TREASURE BOOK BOX              
66,66,577078,0.83,7.47,9,United Kingdom,17/11/11,15:17,2011-11,Kitchen,Scales, WOODEN TREE CHRISTMAS SCANDINAVIAN 
67,67,538349,0.85,1.7,2,United Kingdom,10/12/10,14:59,2010-12,Household,Lamps, CARD PARTY GAMES                   
68,68,567668,14.96,14.96,1,United Kingdom,21/9/11,15:29,2011-09,Household,Lamps, PARISIENNE CURIO CABINET           
69,69,581471,8.5,8.5,1,United Kingdom,8/12/11,19:29,2011-12,Household,Curtains, IVORY KITCHEN SCALES               
70,70,537144,2.95,8.85,3,United Kingdom,5/12/10,13:00,2010-12,Household,Curtains, IVORY PILLAR CANDLE SILVER FLOCK   
71,71,552677,8.29,8.29,1,United Kingdom,10/5/11,15:07,2011-05,Clothes,Shoes, OWL DOORSTOP                       
72,72,547223,1.65,9.9,6,United Kingdom,21/3/11,15:10,2011-03,Kitchen,Scales, CHILDREN'S SPACEBOY MUG            
73,73,580865,2.08,2.08,1,United Kingdom,6/12/11,11:58,2011-12,Clothes,Tops, JUMBO BAG ALPHABET                 
74,74,561693,1.45,17.4,12,United Kingdom,29/7/11,09:48,2011-07,Household,Lamps, HOMEMADE JAM SCENTED CANDLES       
75,75,547886,4.25,12.75,3,United Kingdom,28/3/11,09:21,2011-03,Clothes,Tops, BROWN CHECK CAT DOORSTOP           
76,76,579508,5.79,5.79,1,United Kingdom,29/11/11,16:33,2011-11,Garden,Seeds, GLASS JAR DIGESTIVE BISCUITS       
77,77,560224,2.08,4.16,2,United Kingdom,15/7/11,16:06,2011-07,Kitchen,Scales, JUMBO BAG DOILEY PATTERNS          
78,78,565234,5.79,52.11,9,United Kingdom,2/9/11,09:38,2011-09,Garden,Hoses, ROSES REGENCY TEACUP AND SAUCER    
79,79,545276,1.25,52.5,42,United Kingdom,1/3/11,11:30,2011-03,Clothes,Hats, ANTIQUE SILVER TEA GLASS ENGRAVED  
80,80,557645,1.63,1.63,1,United Kingdom,21/6/11,17:08,2011-06,Clothes,Shoes, RETRO MOD TRAY                     
81,81,552560,2.08,20.8,10,United Kingdom,10/5/11,11:48,2011-05,Household,Curtains, JUMBO BAG DOLLY GIRL DESIGN        
82,82,536638,4.25,17.0,4,United Kingdom,2/12/10,11:41,2010-12,Clothes,Shoes, RED RETROSPOT PUDDING BOWL         
83,83,572023,0.85,0.85,1,United Kingdom,20/10/11,11:03,2011-10,Clothes,Shoes, PACK OF 20 SPACEBOY NAPKINS        
84,84,550210,202.42,202.42,1,United Kingdom,15/4/11,10:40,2011-04,Household,Chairs, DOTCOM POSTAGE                     
85,85,545661,0.42,10.5,25,United Kingdom,4/3/11,14:41,2011-03,Household,Rugs, WRAP ENGLISH ROSE                  
86,86,542401,1.65,4.95,3,United Kingdom,27/1/11,15:51,2011-01,Household,Rugs, WOOD STAMP SET THANK YOU           
87,87,537240,3.36,23.52,7,United Kingdom,6/12/10,10:08,2010-12,Kitchen,Coasters, CHRISTMAS PUDDING TRINKET POT      
88,88,557281,2.55,10.2,4,United Kingdom,19/6/11,12:23,2011-06,Household,Rugs, PIGGY BANK RETROSPOT               
89,89,567183,2.89,5.78,2,United Kingdom,18/9/11,15:32,2011-09,Kitchen,Plates, STORAGE TIN VINTAGE DOILY          
90,90,578998,1.25,1.25,1,United Kingdom,27/11/11,16:05,2011-11,Clothes,Tops, BLUE HARMONICA IN BOX              
91,91,556812,10.79,10.79,1,United Kingdom,14/6/11,17:25,2011-06,Household,Lamps, TEA TIME PARTY BUNTING             
92,92,565233,2.46,2.46,1,United Kingdom,2/9/11,09:34,2011-09,Garden,Turf, HEART FILIGREE DOVE  SMALL         
93,93,580983,3.29,3.29,1,United Kingdom,6/12/11,16:26,2011-12,Garden,Seeds, HEART OF WICKER SMALL              
94,94,558810,4.13,20.65,5,United Kingdom,4/7/11,11:11,2011-07,Garden,Seeds, JUMBO BAG PINK VINTAGE PAISLEY     
95,95,556441,1.65,6.6,4,United Kingdom,10/6/11,15:07,2011-06,Clothes,Shoes, GARDENERS KNEELING PAD CUP OF TEA  
96,96,544065,0.75,9.0,12,United Kingdom,15/2/11,13:52,2011-02,Clothes,Shoes, ASSORTED COLOURS SILK FAN          
97,97,580908,1.95,1.95,1,United Kingdom,6/12/11,13:20,2011-12,Garden,Turf, 3 STRIPEY MICE FELTCRAFT           
98,98,545085,7.95,7.95,1,United Kingdom,28/2/11,11:19,2011-02,Garden,Seeds, DOORMAT FANCY FONT HOME SWEET HOME 
99,99,580877,1.25,1.25,1,United Kingdom,6/12/11,12:15,2011-12,Garden,Rakes, CLEAR DRAWER KNOB ACRYLIC EDWARDIAN
100,100,581439,2.46,7.38,3,United Kingdom,8/12/11,16:30,2011-12,Garden,Turf, HEART FILIGREE DOVE  SMALL         
101,101,572321,0.62,7.44,12,United Kingdom,24/10/11,08:59,2011-10,Household,Rugs, PACK OF 6 LARGE FRUIT STRAWS       
102,102,573543,4.95,4.95,1,United Kingdom,31/10/11,13:05,2011-10,Clothes,Tops, RETROSPOT HEART HOT WATER BOTTLE   
103,103,578270,2.46,22.14,9,United Kingdom,23/11/11,13:39,2011-11,Household,Curtains, TRADITIONAL MODELLING CLAY         
104,104,563692,4.95,9.9,2,United Kingdom,18/8/11,13:01,2011-08,Clothes,Tops, CHOCOLATE HOT WATER BOTTLE         
105,105,562727,3.75,15.0,4,United Kingdom,9/8/11,09:26,2011-08,Garden,Hoses, SET OF 6 SOLDIER SKITTLES          
106,106,570288,2.1,6.3,3,United Kingdom,10/10/11,11:47,2011-10,Household,Rugs, HAND WARMER BIRD DESIGN            
107,107,541421,7.46,7.46,1,United Kingdom,17/1/11,17:44,2011-01,Garden,Turf, GREEN FERN SKETCHBOOK              
108,108,554788,7.95,15.9,2,United Kingdom,26/5/11,12:00,2011-05,Clothes,Tops, SWEETHEART WIRE MAGAZINE RACK      
109,109,579089,0.29,0.29,1,United Kingdom,28/11/11,10:46,2011-11,Kitchen,Plates, SET/4 BIRD MIRROR MAGNETS          
110,110,543645,1.65,4.95,3,United Kingdom,10/2/11,17:54,2011-02,Garden,Rakes, LUNCH BAG DOLLY GIRL DESIGN        
111,111,565441,0.65,3.9,6,United Kingdom,4/9/11,14:08,2011-09,Garden,Turf, BLACK CANDELABRA T-LIGHT HOLDER    
112,112,556107,0.42,10.5,25,United Kingdom,8/6/11,17:09,2011-06,Garden,Rakes, BLUE SCANDINAVIAN PAISLEY WRAP     
113,113,561231,1.95,5.85,3,United Kingdom,26/7/11,10:20,2011-07,Clothes,Shoes, DOLLY GIRL LUNCH BOX               
114,114,549714,1.25,1.25,1,United Kingdom,11/4/11,14:13,2011-04,Clothes,Shoes, GROW A FLYTRAP OR SUNFLOWER IN TIN 
115,115,559784,2.08,20.8,10,United Kingdom,12/7/11,12:07,2011-07,Kitchen,Bowls, JUMBO BAG 50'S CHRISTMAS           
116,116,537154,3.25,26.0,8,United Kingdom,5/12/10,13:05,2010-12,Kitchen,Plates, CREAM CUPID HEARTS COAT HANGER     
117,117,568134,0.83,0.83,1,United Kingdom,23/9/11,17:02,2011-09,Garden,Turf, GOLD MINI TAPE MEASURE             
118,118,575607,1.63,1.63,1,United Kingdom,10/11/11,12:37,2011-11,Garden,Hoses, PORCELAIN ROSE SMALL               
119,119,554839,4.95,29.7,6,United Kingdom,26/5/11,17:15,2011-05,Clothes,Hats, SPOTTY BUNTING                     
120,120,543256,1.25,7.5,6,United Kingdom,4/2/11,15:54,2011-02,Garden,Rakes, ROMANTIC PINKS RIBBONS             
121,121,575587,0.79,9.48,12,United Kingdom,10/11/11,12:01,2011-11,Kitchen,Cooking Knives, ASS FLORAL PRINT SPIRIT LEVEL      
122,122,565350,1.25,3.75,3,United Kingdom,2/9/11,14:42,2011-09,Kitchen,Bowls, TRADITIONAL WOODEN CATCH CUP GAME  
123,123,570187,3.29,3.29,1,United Kingdom,7/10/11,15:09,2011-10,Clothes,Shoes, JAM MAKING SET PRINTED             
124,124,576618,10.79,10.79,1,United Kingdom,15/11/11,17:00,2011-11,Clothes,Tops,  TRELLIS COAT RACK                 
125,125,539215,3.75,3.75,1,United Kingdom,16/12/10,12:42,2010-12,Kitchen,Coasters, ALARM CLOCK BAKELIKE RED           
126,126,575491,1.25,3.75,3,United Kingdom,9/11/11,17:47,2011-11,Household,Curtains, UNION JACK FLAG LUGGAGE TAG        
127,127,575410,1.25,15.0,12,United Kingdom,9/11/11,15:50,2011-11,Clothes,Tops, POCKET BAG BLUE PAISLEY RED SPOT   
128,128,546220,0.55,39.6,72,United Kingdom,10/3/11,12:16,2011-03,Clothes,Shoes, PACK OF 72 RETROSPOT CAKE CASES    
129,129,569225,1.45,2.9,2,United Kingdom,2/10/11,14:25,2011-10,Garden,Turf, PANTRY MAGNETIC  SHOPPING LIST     
130,130,541221,2.46,4.92,2,United Kingdom,14/1/11,14:28,2011-01,Kitchen,Plates, SKULLS WRITING SET                 
131,131,573415,4.95,9.9,2,United Kingdom,30/10/11,16:17,2011-10,Household,Rugs, GINGHAM RECIPE BOOK BOX            
132,132,574856,4.13,4.13,1,United Kingdom,7/11/11,12:06,2011-11,Clothes,Shoes, SET OF 5 LUCKY CAT MAGNETS         
133,133,581112,2.08,24.96,12,United Kingdom,7/12/11,12:17,2011-12,Clothes,Hats, BICYCLE PUNCTURE REPAIR KIT        
134,134,565396,2.46,2.46,1,United Kingdom,2/9/11,16:39,2011-09,Clothes,Tops, ROLL WRAP VINTAGE SPOT             
135,135,545580,0.55,13.2,24,United Kingdom,4/3/11,08:43,2011-03,Garden,Seeds, 72 SWEETHEART FAIRY CAKE CASES     
136,136,562085,1.45,34.8,24,United Kingdom,2/8/11,12:27,2011-08,Kitchen,Plates, JAM MAKING SET PRINTED             
137,137,559505,2.95,35.4,12,United Kingdom,8/7/11,15:16,2011-07,Clothes,Shoes, NATURAL SLATE HEART CHALKBOARD     
138,138,539453,25.49,25.49,1,United Kingdom,17/12/10,17:08,2010-12,Kitchen,Plates, 12 EGG HOUSE PAINTED WOOD          
139,139,579142,0.85,2.55,3,United Kingdom,28/11/11,13:06,2011-11,Clothes,Tops, CHRISTMAS RETROSPOT TREE WOOD      
140,140,548309,1.65,1.65,1,United Kingdom,30/3/11,12:02,2011-03,Garden,Seeds, PLASTERS IN TIN CIRCUS PARADE      
141,141,540703,0.42,10.5,25,United Kingdom,11/1/11,09:58,2011-01,Household,Curtains, WRAP SUKI AND FRIENDS              
142,142,546913,2.95,2.95,1,United Kingdom,17/3/11,20:18,2011-03,Clothes,Tops, RECIPE BOX RETROSPOT               
143,143,550834,4.25,4.25,1,United Kingdom,21/4/11,10:51,2011-04,Garden,Turf, BOX OF 6 ASSORTED COLOUR TEASPOONS 
144,144,581167,2.08,20.8,10,United Kingdom,7/12/11,14:52,2011-12,Household,Chairs, JUMBO  BAG BAROQUE BLACK WHITE     
145,145,547655,1.25,15.0,12,United Kingdom,24/3/11,12:52,2011-03,Household,Curtains, HOME SWEET HOME MUG                
146,146,567333,0.39,9.36,24,United Kingdom,19/9/11,14:55,2011-09,Household,Rugs, MOODY GIRL DOOR HANGER             
147,147,550211,4.13,4.13,1,United Kingdom,15/4/11,10:41,2011-04,Household,Curtains, JUMBO SHOPPER VINTAGE RED PAISLEY  
148,148,564223,4.95,14.85,3,United Kingdom,24/8/11,09:46,2011-08,Kitchen,Cutlery, EMPIRE UNION JACK TV DINNER TRAY   
149,149,563333,2.95,11.8,4,United Kingdom,15/8/11,13:09,2011-08,Household,Lamps, PHOTO FRAME CORNICE                
150,150,577058,0.83,0.83,1,United Kingdom,17/11/11,14:29,2011-11,Household,Chairs, TOILET SIGN OCCUPIED OR VACANT     
151,151,541282,1.25,7.5,6,United Kingdom,17/1/11,12:31,2011-01,Clothes,Tops, RETRO COFFEE MUGS ASSORTED         
152,152,580771,0.79,3.16,4,United Kingdom,6/12/11,10:58,2011-12,Household,Lamps, SET OF 4 NAPKIN CHARMS CROWNS      
153,153,554538,19.95,39.9,2,United Kingdom,24/5/11,17:46,2011-05,Clothes,Hats, SWEETHEART CREAM STEEL TABLE RECT  
154,154,562851,1.65,19.8,12,United Kingdom,10/8/11,10:09,2011-08,Kitchen,Scales, HEART FILIGREE DOVE LARGE          
155,155,559338,0.83,1.66,2,United Kingdom,7/7/11,16:30,2011-07,Household,Lamps, SCOTTIE DOGS BABY BIB              
156,156,578072,2.49,4.98,2,United Kingdom,22/11/11,16:02,2011-11,Household,Curtains, BOX OF 6 MINI VINTAGE CRACKERS     
157,157,556734,5.95,17.85,3,United Kingdom,14/6/11,12:00,2011-06,Garden,Seeds, BLACK/BLUE POLKADOT UMBRELLA       
158,158,557476,4.95,39.6,8,United Kingdom,20/6/11,13:41,2011-06,Kitchen,Plates, PARTY BUNTING                      
159,159,539739,1.66,6.64,4,United Kingdom,21/12/10,15:19,2010-12,Household,Lamps, SMALL HEART MEASURING SPOONS       
160,160,581023,7.46,29.84,4,United Kingdom,7/12/11,10:35,2011-12,Clothes,Shoes, SET 6 SCHOOL MILK BOTTLES IN CRATE 
161,161,579508,3.29,3.29,1,United Kingdom,29/11/11,16:33,2011-11,Garden,Seeds, CERAMIC CHERRY CAKE MONEY BANK     
162,162,575176,0.42,0.84,2,United Kingdom,8/11/11,18:29,2011-11,Clothes,Shoes, CARD SUKI BIRTHDAY                 
163,163,573876,0.55,1.1,2,United Kingdom,1/11/11,12:48,2011-11,Household,Curtains, SET OF 60 I LOVE LONDON CAKE CASES 
164,164,559818,0.55,79.2,144,United Kingdom,12/7/11,16:37,2011-07,Garden,Seeds, COLOUR GLASS T-LIGHT HOLDER HANGING
165,165,536409,4.95,4.95,1,United Kingdom,1/12/10,11:45,2010-12,Kitchen,Scales, CHOCOLATE HOT WATER BOTTLE         
166,166,569220,1.25,2.5,2,United Kingdom,2/10/11,13:26,2011-10,Garden,Turf, MODERN FLORAL STATIONERY SET       
167,167,547947,1.65,16.5,10,United Kingdom,28/3/11,15:03,2011-03,Household,Lamps, LUNCH BAG PINK POLKADOT            
168,168,557311,4.25,8.5,2,United Kingdom,19/6/11,15:36,2011-06,Kitchen,Plates, SET3 BOOK BOX GREEN GINGHAM FLOWER 
169,169,551718,1.63,1.63,1,United Kingdom,3/5/11,16:06,2011-05,Household,Curtains, VINTAGE SNAP CARDS                 
170,170,557502,2.46,2.46,1,United Kingdom,20/6/11,15:32,2011-06,Household,Rugs, CIRCUS PARADE CHILDRENS EGG CUP    
171,171,578935,1.45,1.45,1,United Kingdom,27/11/11,12:52,2011-11,Clothes,Shoes, SKETCHBOOK MAGNETIC SHOPPING LIST  
172,172,546100,0.85,10.2,12,United Kingdom,9/3/11,12:04,2011-03,Clothes,Shoes, EASTER DECORATION SITTING BUNNY    
173,173,550208,12.46,12.46,1,United Kingdom,15/4/11,10:39,2011-04,Garden,Seeds, VICTORIAN SEWING BOX SMALL         
174,174,575073,7.95,31.8,4,United Kingdom,8/11/11,13:10,2011-11,Kitchen,Scales, 15CM CHRISTMAS GLASS BALL 20 LIGHTS
175,175,577078,4.13,4.13,1,United Kingdom,17/11/11,15:17,2011-11,Clothes,Tops, RED GINGHAM ROSE JEWELLERY BOX     
176,176,569790,1.25,1.25,1,United Kingdom,6/10/11,11:42,2011-10,Clothes,Tops, CHOCOLATE BOX RIBBONS              
177,177,579103,1.45,1.45,1,United Kingdom,28/11/11,11:39,2011-11,Garden,Seeds, VINTAGE LEAF MAGNETIC NOTEPAD      
178,178,559991,4.95,4.95,1,United Kingdom,14/7/11,12:29,2011-07,Kitchen,Bowls, APRON APPLE DELIGHT                
179,179,558370,0.85,10.2,12,United Kingdom,28/6/11,15:44,2011-06,Garden,Turf, SANDALWOOD FAN                     
180,180,578251,0.85,5.95,7,United Kingdom,23/11/11,12:45,2011-11,Kitchen,Bowls, SET OF 6 3D KIT CARDS FOR KIDS     
181,181,578533,2.55,15.3,6,United Kingdom,24/11/11,14:42,2011-11,Kitchen,Plates, GLITTER BUTTERFLY CLIPS            
182,182,571502,1.65,16.5,10,United Kingdom,17/10/11,15:18,2011-10,Garden,Seeds, RIBBON REEL FLORA + FAUNA          
183,183,571121,4.95,44.55,9,United Kingdom,14/10/11,09:21,2011-10,Kitchen,Cooking Knives, CHOCOLATE HOT WATER BOTTLE         
184,184,541215,4.95,29.7,6,United Kingdom,14/1/11,13:42,2011-01,Clothes,Hats, CHOCOLATE HOT WATER BOTTLE         
185,185,566561,3.75,15.0,4,United Kingdom,13/9/11,12:13,2011-09,Kitchen,Scales, FELTCRAFT PRINCESS OLIVIA DOLL     
186,186,573923,1.25,25.0,20,United Kingdom,2/11/11,09:31,2011-11,Garden,Hoses,  RED SPOT GIFT BAG LARGE           
187,187,578263,0.79,15.8,20,United Kingdom,23/11/11,13:27,2011-11,Household,Chairs, 3 RAFFIA RIBBONS VINTAGE CHRISTMAS 
188,188,566279,0.38,1.52,4,United Kingdom,11/9/11,14:09,2011-09,Household,Lamps, FOLK ART METAL HEART T-LIGHT HOLDER
189,189,578032,1.65,19.8,12,United Kingdom,22/11/11,13:41,2011-11,Household,Curtains, CANDLE HOLDER SILVER MADELINE      
190,190,549241,1.65,3.3,2,United Kingdom,7/4/11,11:40,2011-04,Garden,Rakes, PLASTERS IN TIN SPACEBOY           
191,191,548354,2.1,75.6,36,United Kingdom,30/3/11,15:06,2011-03,Clothes,Shoes, COFFEE MUG APPLES DESIGN           
192,192,560824,0.55,1.65,3,United Kingdom,21/7/11,11:23,2011-07,Clothes,Shoes, SET OF 60 I LOVE LONDON CAKE CASES 
193,193,577504,0.42,0.84,2,United Kingdom,20/11/11,12:36,2011-11,Kitchen,Cutlery, SET 12 RETRO WHITE CHALK STICKS    
194,194,568591,2.08,20.8,10,United Kingdom,28/9/11,10:39,2011-09,Clothes,Hats, JUMBO STORAGE BAG SKULLS           
195,195,556959,2.95,17.7,6,United Kingdom,16/6/11,09:17,2011-06,Kitchen,Bowls, RED RETROSPOT MUG                  
196,196,567668,1.63,4.89,3,United Kingdom,21/9/11,15:29,2011-09,Clothes,Shoes, CHARLOTTE BAG APPLES DESIGN        
197,197,540821,2.51,2.51,1,United Kingdom,11/1/11,13:16,2011-01,Garden,Turf, 4 VANILLA BOTANICAL CANDLES        
198,198,561195,2.08,4.16,2,United Kingdom,25/7/11,13:57,2011-07,Household,Rugs, SET OF 5 PANCAKE DAY MAGNETS       
199,199,538852,2.55,2.55,1,United Kingdom,14/12/10,13:33,2010-12,Household,Curtains, GUMBALL COAT RACK                  
200,200,563580,9.95,9.95,1,United Kingdom,17/8/11,15:53,2011-08,Kitchen,Cutlery, CAKES AND BOWS GIFT  TAPE          
201,201,568701,1.65,19.8,12,United Kingdom,28/9/11,15:07,2011-09,Clothes,Tops, HAND WARMER OWL DESIGN             
202,202,579525,2.55,81.6,32,United Kingdom,30/11/11,08:23,2011-11,Garden,Hoses, EGG CUP HENRIETTA HEN CREAM        
203,203,576329,8.29,8.29,1,United Kingdom,14/11/11,15:22,2011-11,Garden,Hoses, CHARLOTTE BAG VINTAGE ALPHABET     
204,204,543530,5.79,34.74,6,United Kingdom,9/2/11,12:46,2011-02,Garden,Seeds, HAND WARMER OWL DESIGN             
205,205,554598,1.45,1.45,1,United Kingdom,25/5/11,11:12,2011-05,Clothes,Shoes, CHILDS BREAKFAST SET CIRCUS PARADE 
206,206,552310,2.08,4.16,2,United Kingdom,8/5/11,15:22,2011-05,Household,Lamps, MINI PAINT SET VINTAGE             
207,207,581434,3.75,22.5,6,United Kingdom,8/12/11,16:10,2011-12,Kitchen,Bowls, ASSORTED COLOUR MINI CASES         
208,208,550901,1.69,13.52,8,United Kingdom,21/4/11,12:12,2011-04,Household,Rugs, RETROSPOT TEA SET CERAMIC 11 PC    
209,209,553507,1.25,2.5,2,United Kingdom,17/5/11,13:35,2011-05,Clothes,Shoes, WRAP DOILEY DESIGN                 
210,210,578427,3.75,11.25,3,United Kingdom,24/11/11,12:11,2011-11,Kitchen,Plates, MAGNETS PACK OF 4 HOME SWEET HOME  
211,211,543826,0.42,0.84,2,United Kingdom,14/2/11,09:41,2011-02,Garden,Turf, LUNCH BOX WITH CUTLERY RETROSPOT   
212,212,579694,4.96,9.92,2,United Kingdom,30/11/11,14:11,2011-11,Clothes,Tops, ASSORTED COLOURS SILK FAN          
213,213,538071,4.24,4.24,1,United Kingdom,9/12/10,14:09,2010-12,Garden,Hoses, SET/6 RED SPOTTY PAPER PLATES      
214,214,571200,1.65,19.8,12,United Kingdom,14/10/11,12:25,2011-10,Clothes,Shoes, METAL DECORATION NAUGHTY CHILDREN  
215,215,579456,2.1,2.1,1,United Kingdom,29/11/11,14:20,2011-11,Household,Chairs, PLASTERS IN TIN STRONGMAN          
216,216,555115,4.96,19.84,4,United Kingdom,31/5/11,14:58,2011-05,Household,Rugs, LUNCH BAG DOILEY PATTERN           
217,217,557739,0.55,85.8,156,United Kingdom,22/6/11,11:43,2011-06,Clothes,Tops, ADVENT CALENDAR GINGHAM SACK       
218,218,554368,3.75,22.5,6,United Kingdom,24/5/11,10:33,2011-05,Garden,Turf, DOORMAT WELCOME TO OUR HOME        
219,219,542602,7.95,15.9,2,United Kingdom,30/1/11,12:09,2011-01,Garden,Hoses, WRAP VINTAGE PETALS  DESIGN        
220,220,546237,0.85,8.5,10,United Kingdom,10/3/11,12:50,2011-03,Garden,Turf, WOODLAND CHARLOTTE BAG             
221,221,576634,1.65,39.6,24,United Kingdom,16/11/11,09:28,2011-11,Household,Chairs, POSTAGE                            
222,222,561231,1.25,12.5,10,United Kingdom,26/7/11,10:20,2011-07,Household,Rugs, GREEN REGENCY TEACUP AND SAUCER    
223,223,540536,4.95,4.95,1,United Kingdom,9/1/11,14:21,2011-01,Kitchen,Scales, WRAP GREEN PEARS                   
224,224,570088,0.85,1.7,2,United Kingdom,7/10/11,11:32,2011-10,Household,Lamps, SPACEBOY ROCKET LOLLY MAKERS       
225,225,577938,2.95,2.95,1,United Kingdom,22/11/11,12:07,2011-11,Kitchen,Plates, WRAP DOLLY GIRL                    
226,226,578270,6.63,79.56,12,United Kingdom,23/11/11,13:39,2011-11,Garden,Hoses, SET OF 6 HERB TINS SKETCHBOOK      
227,227,575516,1.65,19.8,12,United Kingdom,10/11/11,10:45,2011-11,Kitchen,Cutlery, 200 RED + WHITE BENDY STRAWS       
228,228,555336,0.42,1.68,4,United Kingdom,2/6/11,11:13,2011-06,Household,Curtains, ENAMEL WATERING CAN CREAM          
229,229,570210,1.45,1.45,1,United Kingdom,9/10/11,10:48,2011-10,Clothes,Hats, PINK HAPPY BIRTHDAY BUNTING        
230,230,563585,1.25,1.25,1,United Kingdom,17/8/11,17:01,2011-08,Clothes,Tops, PACK OF 6 SKULL PAPER PLATES       
231,231,555604,5.95,35.7,6,United Kingdom,6/6/11,11:37,2011-06,Garden,Seeds, HEART OF WICKER SMALL              
232,232,539492,1.66,3.32,2,United Kingdom,20/12/10,10:14,2010-12,Clothes,Tops, DOORMAT WELCOME TO OUR HOME        
233,233,579274,8.25,16.5,2,United Kingdom,29/11/11,10:01,2011-11,Kitchen,Cutlery, JUMBO BAG PINK VINTAGE PAISLEY     
234,234,556887,2.95,2.95,1,United Kingdom,15/6/11,12:36,2011-06,Garden,Hoses, 3D CHRISTMAS STAMPS STICKERS       
235,235,554814,2.08,20.8,10,United Kingdom,26/5/11,13:34,2011-05,Household,Curtains, TREASURE TIN BUFFALO BILL          
236,236,555276,4.96,4.96,1,United Kingdom,1/6/11,17:28,2011-06,Household,Lamps, BLUE SPOT CERAMIC DRAWER KNOB      
237,237,553340,1.25,25.0,20,United Kingdom,16/5/11,12:20,2011-05,Kitchen,Cutlery, CHILDRENS APRON APPLES DESIGN      
238,238,540255,1.66,1.66,1,United Kingdom,5/1/11,16:50,2011-01,Clothes,Shoes, DOORMAT AIRMAIL                    
239,239,569229,2.95,2.95,1,United Kingdom,2/10/11,14:56,2011-10,Garden,Seeds, DOLLY GIRL MINI BACKPACK           
240,240,564660,3.75,15.0,4,United Kingdom,26/8/11,14:45,2011-08,Garden,Turf, HEART WREATH DECORATION WITH BELL  
241,241,543923,2.95,35.4,12,United Kingdom,14/2/11,14:14,2011-02,Kitchen,Plates, APRON APPLE DELIGHT                
242,242,579002,0.29,1.45,5,United Kingdom,27/11/11,16:27,2011-11,Kitchen,Plates, STRAWBERRY LUNCH BOX WITH CUTLERY  
243,243,559934,0.39,14.04,36,United Kingdom,14/7/11,09:58,2011-07,Clothes,Hats, PAPER BUNTING COLOURED LACE        
244,244,547399,4.13,16.52,4,United Kingdom,22/3/11,16:55,2011-03,Garden,Turf, TRADITIONAL KNITTING NANCY         
245,245,564350,5.75,23.0,4,United Kingdom,24/8/11,14:57,2011-08,Clothes,Shoes, JUMBO BAG VINTAGE DOILY            
246,246,556187,9.95,39.8,4,United Kingdom,9/6/11,11:49,2011-06,Clothes,Hats, RAIN PONCHO RETROSPOT              
247,247,566297,0.29,1.74,6,United Kingdom,11/9/11,15:50,2011-09,Household,Curtains, LARGE CHINESE STYLE SCISSOR        
248,248,567303,2.95,35.4,12,United Kingdom,19/9/11,13:20,2011-09,Kitchen,Scales, PINK AND WHITE CHRISTMAS TREE 120CM
249,249,544928,5.79,5.79,1,United Kingdom,24/2/11,18:07,2011-02,Garden,Rakes, FAIRY CAKE BIRTHDAY CANDLE SET     
250,250,538097,1.65,13.2,8,United Kingdom,9/12/10,14:56,2010-12,Garden,Rakes, MINI LIGHTS WOODLAND MUSHROOMS     
251,251,547513,4.25,4.25,1,United Kingdom,23/3/11,13:59,2011-03,Kitchen,Plates, PACK 3 BOXES BIRD PANNETONE        
252,252,561695,1.45,34.8,24,United Kingdom,29/7/11,10:00,2011-07,Garden,Turf, REGENCY CAKESTAND 3 TIER           
253,253,566005,2.55,7.65,3,United Kingdom,8/9/11,11:56,2011-09,Clothes,Tops, REGENCY CAKESTAND 3 TIER           
254,254,562933,1.63,1.63,1,United Kingdom,10/8/11,16:51,2011-08,Kitchen,Bowls, MULTICOLOUR HONEYCOMB FAN          
255,255,551009,4.13,4.13,1,United Kingdom,26/4/11,09:50,2011-04,Garden,Hoses, RED RETROSPOT CAKE STAND           
256,256,542869,3.95,15.8,4,United Kingdom,1/2/11,12:27,2011-02,Kitchen,Cooking Knives, PACK OF 12 WOODLAND TISSUES        
257,257,565232,3.29,6.58,2,United Kingdom,2/9/11,09:30,2011-09,Kitchen,Scales, PACK OF 6 PANNETONE GIFT BOXES     
258,258,574293,1.7,163.2,96,United Kingdom,3/11/11,15:32,2011-11,Garden,Rakes, PANTRY WASHING UP BRUSH            
259,259,578262,0.39,1.17,3,United Kingdom,23/11/11,13:27,2011-11,Clothes,Tops, SET/6 RED SPOTTY PAPER CUPS        
260,260,576855,0.29,6.38,22,United Kingdom,16/11/11,15:51,2011-11,Kitchen,Scales, RED BABY BUNTING                   
261,261,575117,0.55,0.55,1,United Kingdom,8/11/11,14:22,2011-11,Household,Lamps, COFFEE MUG PEARS  DESIGN           
262,262,581219,0.83,5.81,7,United Kingdom,8/12/11,09:28,2011-12,Household,Lamps, HOLIDAY FUN LUDO                   
263,263,543057,1.06,445.2,420,United Kingdom,3/2/11,10:50,2011-02,Household,Curtains, ANT COPPER TURQ BOUDICCA BRACELET  
264,264,555548,12.75,51.0,4,United Kingdom,5/6/11,13:16,2011-06,Kitchen,Plates, ROUND SNACK BOXES SET OF 4 FRUITS  
265,265,580996,2.1,14.7,7,United Kingdom,6/12/11,17:18,2011-12,Clothes,Hats, TRADITIONAL PICK UP STICKS GAME    
266,266,567823,1.25,15.0,12,United Kingdom,22/9/11,12:55,2011-09,Garden,Seeds, SET OF 60 I LOVE LONDON CAKE CASES 
267,267,551534,1.25,30.0,24,United Kingdom,1/5/11,14:59,2011-05,Kitchen,Cooking Knives, WOODEN TREE CHRISTMAS SCANDINAVIAN 
268,268,580136,12.5,12.5,1,United Kingdom,1/12/11,19:42,2011-12,Household,Curtains, FUNKY DIVA PEN                     
269,269,537640,5.06,10.12,2,United Kingdom,7/12/10,15:31,2010-12,Clothes,Hats, BREAD BIN DINER STYLE PINK         
270,270,559038,10.79,323.7,30,United Kingdom,5/7/11,15:31,2011-07,Kitchen,Scales, PANTRY CHOPPING BOARD              
271,271,556125,2.1,12.6,6,United Kingdom,9/6/11,10:20,2011-06,Kitchen,Scales, SET 2 PANTRY DESIGN TEA TOWELS     
272,272,576948,2.08,20.8,10,United Kingdom,17/11/11,11:45,2011-11,Clothes,Tops, SPACEBOY TV DINNER TRAY            
273,273,566279,0.19,0.38,2,United Kingdom,11/9/11,14:09,2011-09,Clothes,Tops, EMBROIDERED RIBBON REEL DAISY      
274,274,536420,2.95,17.7,6,United Kingdom,1/12/10,12:03,2010-12,Garden,Rakes, KIDS RAIN MAC BLUE                 
275,275,562551,2.25,2.25,1,United Kingdom,5/8/11,16:19,2011-08,Clothes,Shoes, POSTAGE                            
276,276,541810,8.29,8.29,1,United Kingdom,21/1/11,15:00,2011-01,Clothes,Shoes, WHITE SPOT RED CERAMIC DRAWER KNOB 
277,277,551547,4.96,69.44,14,United Kingdom,3/5/11,09:44,2011-05,Household,Chairs, CHILDS BREAKFAST SET DOLLY GIRL    
278,278,551718,5.79,11.58,2,United Kingdom,3/5/11,16:06,2011-05,Kitchen,Bowls, LUNCH BAG WOODLAND                 
279,279,540468,2.51,2.51,1,United Kingdom,7/1/11,13:55,2011-01,Garden,Rakes, LUNCH BAG APPLE DESIGN             
280,280,538199,4.95,4.95,1,United Kingdom,10/12/10,11:02,2010-12,Garden,Seeds, PLASTERS IN TIN STRONGMAN          
281,281,579472,1.25,1.25,1,United Kingdom,29/11/11,15:09,2011-11,Kitchen,Coasters, LIGHT GARLAND BUTTERFILES PINK     
282,282,538683,1.25,7.5,6,United Kingdom,13/12/10,17:40,2010-12,Kitchen,Coasters, CLOTHES PEGS RETROSPOT PACK 24     
283,283,577396,1.65,19.8,12,United Kingdom,18/11/11,17:11,2011-11,Kitchen,Coasters, SET/6 RED SPOTTY PAPER PLATES      
284,284,546366,0.85,2.55,3,United Kingdom,11/3/11,11:37,2011-03,Household,Chairs, CHILDS BREAKFAST SET SPACEBOY      
285,285,576274,0.42,5.04,12,United Kingdom,14/11/11,14:24,2011-11,Household,Lamps, ROLL WRAP VINTAGE CHRISTMAS        
286,286,569815,1.65,99.0,60,United Kingdom,6/10/11,11:53,2011-10,Kitchen,Scales, MINI PLAYING CARDS GYMKHANA        
287,287,555408,5.95,11.9,2,United Kingdom,3/6/11,08:54,2011-06,Kitchen,Cooking Knives, RETROSPOT HEART HOT WATER BOTTLE   
288,288,549014,4.95,4.95,1,United Kingdom,5/4/11,15:00,2011-04,Garden,Turf, SET OF 72 RETROSPOT PAPER  DOILIES 
289,289,569105,0.42,10.08,24,United Kingdom,30/9/11,12:35,2011-09,Household,Chairs, JAM MAKING SET PRINTED             
290,290,568050,4.15,4.15,1,United Kingdom,23/9/11,12:38,2011-09,Household,Lamps, SET OF 5 PANCAKE DAY MAGNETS       
291,291,542087,0.55,13.2,24,United Kingdom,25/1/11,12:35,2011-01,Garden,Hoses, CLOTHES PEGS RETROSPOT PACK 24     
292,292,571283,0.85,3.4,4,United Kingdom,16/10/11,13:51,2011-10,Clothes,Shoes, RED RETROSPOT CAKE STAND           
293,293,571457,0.39,9.36,24,United Kingdom,17/10/11,14:01,2011-10,Clothes,Hats, RED KUKUI COCONUT SEED NECKLACE    
294,294,557208,4.95,39.6,8,United Kingdom,17/6/11,11:38,2011-06,Kitchen,Bowls, POSTAGE                            
295,295,576695,0.42,5.04,12,United Kingdom,16/11/11,12:25,2011-11,Garden,Turf, HOME SWEET HOME METAL SIGN         
296,296,550326,1.25,7.5,6,United Kingdom,17/4/11,13:05,2011-04,Clothes,Shoes, METAL 4 HOOK HANGER FRENCH CHATEAU 
297,297,575898,1.25,3.75,3,United Kingdom,11/11/11,15:08,2011-11,Garden,Seeds, GIFT BAG PSYCHEDELIC APPLES        
298,298,543285,2.95,17.7,6,United Kingdom,7/2/11,09:48,2011-02,Household,Lamps, ASS FLORAL PRINT MULTI SCREWDRIVER 
299,299,556636,0.83,1.66,2,United Kingdom,13/6/11,15:30,2011-06,Garden,Rakes, ZINC WILLIE WINKIE  CANDLE STICK   
300,300,542621,0.65,7.8,12,Germany,31/1/11,09:05,2011-01,Garden,Hoses, PACK OF 72 RETROSPOT CAKE CASES    
301,301,572241,2.1,25.2,12,Germany,21/10/11,15:20,2011-10,Clothes,Hats, HEART WOODEN CHRISTMAS DECORATION  
302,302,578024,1.25,15.0,12,Germany,22/11/11,13:27,2011-11,Kitchen,Plates, SET/10 PINK POLKADOT PARTY CANDLES 
303,303,555553,0.85,8.5,10,Germany,5/6/11,13:45,2011-06,Household,Lamps, STOOL HOME SWEET HOME              
304,304,580511,2.1,50.4,24,Germany,4/12/11,13:54,2011-12,Household,Rugs, MAGIC DRAWING SLATE DOLLY GIRL     
305,305,550620,8.5,34.0,4,Germany,19/4/11,13:39,2011-04,Household,Chairs, LUNCH BAG WOODLAND                 
306,306,564039,0.65,23.4,36,Germany,22/8/11,12:40,2011-08,Clothes,Hats, CACTI T-LIGHT CANDLES              
307,307,571304,7.95,15.9,2,Germany,17/10/11,09:37,2011-10,Kitchen,Cutlery, SET/6 COLLAGE PAPER CUPS           
308,308,562035,4.95,14.85,3,Germany,2/8/11,09:29,2011-08,Garden,Rakes, LUNCH BOX WITH CUTLERY RETROSPOT   
309,309,560569,0.42,10.5,25,Germany,19/7/11,14:04,2011-07,Clothes,Tops, SET OF SALT AND PEPPER TOADSTOOLS  
310,310,571724,0.39,4.68,12,Germany,19/10/11,08:20,2011-10,Household,Curtains, EDWARDIAN PARASOL BLACK            
311,311,552978,2.1,126.0,60,Germany,12/5/11,14:46,2011-05,Kitchen,Plates, SMALL RED RETROSPOT WINDMILL       
312,312,552978,0.65,390.0,600,Germany,12/5/11,14:46,2011-05,Garden,Seeds, ROUND SNACK BOXES SET OF 4 FRUITS  
313,313,540410,0.85,10.2,12,Germany,7/1/11,10:04,2011-01,Clothes,Hats, PAPER CHAIN KIT 50'S CHRISTMAS     
314,314,539957,0.85,20.4,24,Germany,23/12/10,12:58,2010-12,Kitchen,Scales, MAGNETS PACK OF 4 HOME SWEET HOME  
315,315,564749,1.65,19.8,12,Germany,30/8/11,08:15,2011-08,Garden,Rakes, LONDON BUS COFFEE MUG              
316,316,556517,1.65,33.0,20,Germany,13/6/11,10:52,2011-06,Garden,Rakes, SET OF 6 T-LIGHTS CACTI            
317,317,578024,5.95,35.7,6,Germany,22/11/11,13:27,2011-11,Garden,Seeds, ROMANTIC IMAGES GIFT WRAP SET      
318,318,558881,7.95,15.9,2,Germany,4/7/11,14:36,2011-07,Kitchen,Cutlery, PLASTERS IN TIN SPACEBOY           
319,319,547925,0.42,10.5,25,Germany,28/3/11,13:57,2011-03,Garden,Rakes, LUNCH BAG PAISLEY PARK             
320,320,576787,0.85,17.0,20,Germany,16/11/11,13:54,2011-11,Kitchen,Plates, WOODEN SKITTLES GARDEN SET         
321,321,552878,18.0,144.0,8,Germany,12/5/11,09:54,2011-05,Garden,Turf, RED RETROSPOT OVEN GLOVE           
322,322,564972,2.95,17.7,6,Germany,31/8/11,15:30,2011-08,Household,Curtains, SET OF 6 SNACK LOAF BAKING CASES   
323,323,564140,0.42,10.5,25,Germany,23/8/11,11:47,2011-08,Household,Lamps, FELTCRAFT CUSHION OWL              
324,324,579416,2.08,37.44,18,Germany,29/11/11,13:00,2011-11,Household,Chairs, PINK PARTY BAGS                    
325,325,575787,0.42,10.5,25,Germany,11/11/11,11:18,2011-11,Garden,Rakes, SET/10 RED POLKADOT PARTY CANDLES  
326,326,581000,1.25,15.0,12,Germany,7/12/11,08:03,2011-12,Garden,Hoses, SET 2 TEA TOWELS I LOVE LONDON     
327,327,561468,1.25,75.0,60,Germany,27/7/11,13:00,2011-07,Clothes,Tops, RED RETROSPOT CHILDRENS UMBRELLA   
328,328,556578,4.95,19.8,4,Germany,13/6/11,14:13,2011-06,Household,Chairs, CHILDRENS APRON SPACEBOY DESIGN    
329,329,565416,5.45,16.35,3,Germany,4/9/11,12:00,2011-09,Clothes,Tops, RED ROCKING HORSE HAND PAINTED     
330,330,540458,0.85,10.2,12,Germany,7/1/11,12:28,2011-01,Clothes,Shoes, CHARLIE & LOLA WASTEPAPER BIN FLORA
331,331,561911,1.65,19.8,12,Germany,1/8/11,10:26,2011-08,Household,Chairs, POSTAGE                            
332,332,543587,7.95,15.9,2,Germany,10/2/11,11:39,2011-02,Clothes,Hats, WRAP DOILEY DESIGN                 
333,333,549193,2.08,20.8,10,Germany,7/4/11,10:24,2011-04,Garden,Rakes, SET OF 12 FAIRY CAKE BAKING CASES  
334,334,577615,1.25,22.5,18,Germany,21/11/11,10:22,2011-11,Household,Lamps, JAM JAR WITH PINK LID              
335,335,556509,2.08,12.48,6,Germany,13/6/11,10:33,2011-06,Clothes,Hats, RED TOADSTOOL LED NIGHT LIGHT      
336,336,568056,1.45,17.4,12,Germany,23/9/11,12:55,2011-09,Clothes,Hats, RETROSPOT TEA SET CERAMIC 11 PC    
337,337,537201,1.95,15.6,8,Germany,5/12/10,14:19,2010-12,Kitchen,Cutlery, WHITE ROCKING HORSE HAND PAINTED   
338,338,540553,7.95,15.9,2,Germany,10/1/11,09:48,2011-01,Household,Curtains, SET OF 3 REGENCY CAKE TINS         
339,339,571065,4.15,16.6,4,Germany,13/10/11,14:59,2011-10,Kitchen,Cutlery, STRAWBERRY CHARLOTTE BAG           
340,340,560635,1.25,15.0,12,Germany,20/7/11,10:51,2011-07,Garden,Rakes, SOLDIERS EGG CUP                   
341,341,554861,4.95,19.8,4,Germany,27/5/11,10:29,2011-05,Clothes,Hats, QUEENS GUARD COFFEE MUG            
342,342,565765,2.55,15.3,6,Germany,6/9/11,14:19,2011-09,Kitchen,Cooking Knives, SET/20 RED RETROSPOT PAPER NAPKINS 
343,343,540458,2.95,17.7,6,Germany,7/1/11,12:28,2011-01,Household,Curtains, BLUE POLKADOT WRAP                 
344,344,571658,1.65,19.8,12,Germany,18/10/11,12:48,2011-10,Garden,Hoses, CHILDRENS APRON APPLES DESIGN      
345,345,576787,2.08,20.8,10,Germany,16/11/11,13:54,2011-11,Clothes,Tops, 12 PENCILS SMALL TUBE SKULL        
346,346,541965,0.85,20.4,24,Germany,24/1/11,13:27,2011-01,Kitchen,Cutlery, BLUE ROSE FABRIC MIRROR            
347,347,556443,0.85,8.5,10,Germany,10/6/11,15:28,2011-06,Kitchen,Plates, RIBBON REEL LACE DESIGN            
348,348,567666,2.95,17.7,6,Germany,21/9/11,15:23,2011-09,Garden,Seeds, CHILDRENS APRON APPLES DESIGN      
349,349,542713,3.75,30.0,8,Germany,31/1/11,13:27,2011-01,Garden,Turf, RABBIT NIGHT LIGHT                 
350,350,576890,3.75,15.0,4,Germany,16/11/11,17:25,2011-11,Household,Lamps, SPACEBOY MINI BACKPACK             
351,351,555162,1.95,23.4,12,Germany,1/6/11,10:15,2011-06,Household,Curtains, POSTAGE                            
352,352,569893,12.75,12.75,1,Germany,6/10/11,15:51,2011-10,Kitchen,Cooking Knives, SET OF SALT AND PEPPER TOADSTOOLS  
353,353,543056,10.95,350.4,32,Germany,3/2/11,10:47,2011-02,Household,Rugs, PLASTERS IN TIN CIRCUS PARADE      
354,354,581266,0.39,4.68,12,Germany,8/12/11,11:25,2011-12,Household,Rugs, PINK BABY BUNTING                  
355,355,553741,10.95,65.7,6,Germany,19/5/11,09:37,2011-05,Clothes,Tops, PACK OF 12 COLOURED PENCILS        
356,356,565416,0.29,6.96,24,Germany,4/9/11,12:00,2011-09,Kitchen,Coasters, PINK FAIRY CAKE CHILDRENS APRON    
357,357,555162,2.55,15.3,6,Germany,1/6/11,10:15,2011-06,Garden,Seeds, PACK OF 60 MUSHROOM CAKE CASES     
358,358,555282,1.45,17.4,12,Germany,2/6/11,09:04,2011-06,Clothes,Hats, WOODLAND PARTY BAG + STICKER SET   
359,359,549316,0.65,7.8,12,Germany,8/4/11,09:54,2011-04,Kitchen,Scales, POSTAGE                            
360,360,560728,2.95,14.75,5,Germany,20/7/11,14:38,2011-07,Garden,Turf, PANTRY MAGNETIC  SHOPPING LIST     
361,361,544573,2.55,30.6,12,Germany,21/2/11,13:40,2011-02,Household,Chairs, COFFEE MUG CAT + BIRD DESIGN       
362,362,546759,3.75,15.0,4,Germany,16/3/11,13:58,2011-03,Kitchen,Cooking Knives, MINI JIGSAW SPACEBOY               
363,363,568350,4.95,44.55,9,Germany,26/9/11,15:35,2011-09,Clothes,Shoes, LUNCH BAG SPACEBOY DESIGN          
364,364,578509,2.95,17.7,6,Germany,24/11/11,13:17,2011-11,Garden,Hoses, SET OF 3 REGENCY CAKE TINS         
365,365,581266,1.25,15.0,12,Germany,8/12/11,11:25,2011-12,Garden,Rakes, 12 PENCILS SMALL TUBE SKULL        
366,366,567958,0.55,13.2,24,Germany,23/9/11,09:00,2011-09,Clothes,Hats, RETROSPOT PARTY BAG + STICKER SET  
367,367,537201,0.85,20.4,24,Germany,5/12/10,14:19,2010-12,Household,Chairs, SET/20 RED RETROSPOT PAPER NAPKINS 
368,368,538174,0.85,81.6,96,Germany,10/12/10,09:35,2010-12,Household,Chairs, DOORMAT WELCOME TO OUR HOME        
369,369,539395,14.95,89.7,6,Germany,17/12/10,11:52,2010-12,Kitchen,Scales, ALARM CLOCK BAKELIKE RED           
370,370,568674,4.95,14.85,3,Germany,28/9/11,13:30,2011-09,Clothes,Tops, RED TOADSTOOL LED NIGHT LIGHT      
371,371,568674,3.25,19.5,6,Germany,28/9/11,13:30,2011-09,Clothes,Hats, CREAM FELT EASTER EGG BASKET       
372,372,545718,4.95,14.85,3,Germany,7/3/11,10:22,2011-03,Garden,Hoses, TREASURE TIN GYMKHANA DESIGN       
373,373,573284,2.08,12.48,6,Germany,28/10/11,14:27,2011-10,Household,Rugs, PLASTERS IN TIN STRONGMAN          
374,374,542128,0.85,20.4,24,Germany,25/1/11,15:13,2011-01,Garden,Rakes, WRAP RED VINTAGE DOILY             
375,375,576607,18.0,72.0,4,Germany,15/11/11,15:42,2011-11,Kitchen,Cooking Knives, RED RETROSPOT CAKE STAND           
376,376,564856,1.25,15.0,12,Germany,31/8/11,09:11,2011-08,Garden,Rakes, REGENCY SUGAR BOWL GREEN           
377,377,540458,9.95,19.9,2,Germany,7/1/11,12:28,2011-01,Clothes,Tops, SET/6 RED SPOTTY PAPER CUPS        
378,378,567904,1.65,16.5,10,Germany,22/9/11,16:34,2011-09,Clothes,Tops, GROW YOUR OWN PLANT IN A CAN       
379,379,564079,1.65,16.5,10,Germany,22/8/11,15:55,2011-08,Clothes,Hats, CARD DOLLY GIRL                    
380,380,542369,1.65,39.6,24,Germany,27/1/11,13:08,2011-01,Clothes,Hats, PINK POLKADOT BOWL                 
381,381,572061,4.25,17.0,4,Germany,20/10/11,12:53,2011-10,Clothes,Tops, SPOTTY BUNTING                     
382,382,560876,1.65,19.8,12,Germany,21/7/11,15:14,2011-07,Garden,Seeds, MAGNETS PACK OF 4 SWALLOWS         
383,383,547383,0.85,10.2,12,Germany,22/3/11,15:42,2011-03,Garden,Rakes, CHARLOTTE BAG PINK POLKADOT        
384,384,577135,8.5,68.0,8,Germany,18/11/11,08:56,2011-11,Garden,Hoses, WHITE ROCKING HORSE HAND PAINTED   
385,385,576890,1.25,15.0,12,Germany,16/11/11,17:25,2011-11,Kitchen,Cutlery, WRAP ALPHABET DESIGN               
386,386,572061,0.42,8.4,20,Germany,20/10/11,12:53,2011-10,Garden,Rakes, RABBIT NIGHT LIGHT                 
387,387,571065,4.95,14.85,3,Germany,13/10/11,14:59,2011-10,Clothes,Hats, POSTAGE                            
388,388,542106,1.45,69.6,48,Germany,25/1/11,13:37,2011-01,Garden,Turf, 10 COLOUR SPACEBOY PEN             
389,389,540769,1.45,17.4,12,Germany,11/1/11,10:38,2011-01,Clothes,Hats, DOORMAT BLACK FLOCK                
390,390,559298,2.08,24.96,12,Germany,7/7/11,12:38,2011-07,Clothes,Hats, GYMKHANA TREASURE BOOK BOX         
391,391,569893,1.65,19.8,12,Germany,6/10/11,15:51,2011-10,Garden,Rakes, SET OF 5 LUCKY CAT MAGNETS         
392,392,566233,10.95,10.95,1,Germany,11/9/11,11:04,2011-09,Clothes,Shoes, 6 GIFT TAGS VINTAGE CHRISTMAS      
393,393,568350,1.0,24.0,24,Germany,26/9/11,15:35,2011-09,Clothes,Shoes, RED HEART SHAPE LOVE BUCKET        
394,394,560230,18.0,36.0,2,Germany,17/7/11,10:53,2011-07,Kitchen,Coasters, JUNGLE POPSICLES ICE LOLLY MOULDS  
395,395,550137,2.95,35.4,12,Germany,14/4/11,13:59,2011-04,Household,Chairs, BASKET OF TOADSTOOLS               
396,396,543587,2.95,23.6,8,Germany,10/2/11,11:39,2011-02,Garden,Rakes, SMALL POPCORN HOLDER               
397,397,554104,0.65,7.8,12,Germany,22/5/11,14:03,2011-05,Kitchen,Bowls, CARDHOLDER GINGHAM CHRISTMAS TREE  
398,398,560230,0.42,10.08,24,Germany,17/7/11,10:53,2011-07,Kitchen,Bowls, JUMBO STORAGE BAG SUKI             
399,399,574071,0.85,10.2,12,Germany,2/11/11,14:57,2011-11,Clothes,Tops, 5 HOOK HANGER RED MAGIC TOADSTOOL  
400,400,540351,0.55,13.2,24,France,6/1/11,14:26,2011-01,Kitchen,Scales, PINK REGENCY TEACUP AND SAUCER     
401,401,574104,0.85,10.2,12,France,3/11/11,10:45,2011-11,Household,Lamps, WHITE HEART CONFETTI IN TUBE       
402,402,538008,1.25,30.0,24,France,9/12/10,12:17,2010-12,Household,Lamps, ALARM CLOCK BAKELIKE RED           
403,403,569921,12.5,12.5,1,France,6/10/11,17:28,2011-10,Garden,Turf, LUNCH BAG SUKI  DESIGN             
404,404,579345,0.42,10.08,24,France,29/11/11,11:46,2011-11,Kitchen,Cutlery, TRADITIONAL WOODEN SKIPPING ROPE   
405,405,546479,1.65,16.5,10,France,14/3/11,11:38,2011-03,Garden,Seeds, DOORMAT UNION FLAG                 
406,406,566736,0.42,6.72,16,France,14/9/11,14:19,2011-09,Kitchen,Plates, UNION STRIPE WITH FRINGE  HAMMOCK  
407,407,547722,0.65,7.8,12,France,25/3/11,10:19,2011-03,Garden,Seeds, SPOTTY BUNTING                     
408,408,556529,2.55,30.6,12,France,13/6/11,11:41,2011-06,Household,Lamps, MODERN FLORAL STATIONERY SET       
409,409,536974,1.25,15.0,12,France,3/12/10,13:59,2010-12,Kitchen,Cutlery, ASSORTED COLOUR MINI CASES         
410,410,547722,5.95,17.85,3,France,25/3/11,10:19,2011-03,Kitchen,Scales, RED SPOTTY BISCUIT TIN             
411,411,556259,1.25,30.0,24,France,9/6/11,17:53,2011-06,Garden,Seeds, SET OF 6 TEA TIME BAKING CASES     
412,412,579492,2.95,70.8,24,France,29/11/11,15:23,2011-11,Kitchen,Cutlery, DOLLY HONEYCOMB GARLAND            
413,413,575629,2.95,17.7,6,France,10/11/11,13:34,2011-11,Garden,Seeds, VINTAGE CHRISTMAS STOCKING         
414,414,579792,0.39,4.68,12,France,30/11/11,15:43,2011-11,Garden,Hoses, SQUARECUSHION COVER PINK UNION FLAG
415,415,575692,2.55,7.65,3,France,10/11/11,16:27,2011-11,Garden,Hoses, WRAP ALPHABET DESIGN               
416,416,542433,2.95,53.1,18,France,28/1/11,10:45,2011-01,Household,Curtains, BLUE POLKADOT PLATE                
417,417,540351,2.1,12.6,6,France,6/1/11,14:26,2011-01,Clothes,Shoes, BLUE CHARLIE+LOLA PERSONAL DOORSIGN
418,418,548496,1.45,139.2,96,France,31/3/11,13:40,2011-03,Kitchen,Cooking Knives, FAIRY TALE COTTAGE NIGHT LIGHT     
419,419,574506,1.65,1.65,1,France,4/11/11,13:24,2011-11,Clothes,Tops, MINI PAINT SET VINTAGE             
420,420,544470,12.75,51.0,4,France,21/2/11,08:38,2011-02,Clothes,Hats, STORAGE TIN VINTAGE DOILY          
421,421,561795,1.25,12.5,10,France,29/7/11,13:28,2011-07,Household,Curtains, SET 3 RETROSPOT TEA COFFEE SUGAR   
422,422,569122,0.83,6.64,8,France,30/9/11,13:06,2011-09,Household,Chairs, REGENCY MILK JUG PINK              
423,423,545583,3.75,15.0,4,France,4/3/11,09:08,2011-03,Garden,Seeds, CARD CIRCUS PARADE                 
424,424,551544,2.1,63.0,30,France,3/5/11,09:33,2011-05,Garden,Hoses, REGENCY SUGAR BOWL GREEN           
425,425,568040,1.25,30.0,24,France,23/9/11,12:09,2011-09,Clothes,Tops, JUMBO BAG SPACEBOY DESIGN          
426,426,579193,3.25,19.5,6,France,28/11/11,15:47,2011-11,Garden,Hoses, SET 8 CANDLES VINTAGE DOILY        
427,427,544355,3.25,19.5,6,France,18/2/11,10:53,2011-02,Garden,Hoses, REGENCY TEA PLATE PINK             
428,428,576087,1.95,15.6,8,France,14/11/11,08:31,2011-11,Kitchen,Scales, PAPER BUNTING WHITE LACE           
429,429,574104,1.25,30.0,24,France,3/11/11,10:45,2011-11,Kitchen,Coasters, RED LOVE HEART SHAPE CUP           
430,430,570672,1.25,15.0,12,France,11/10/11,14:52,2011-10,Household,Chairs, WRAP ENGLISH ROSE                  
431,431,560272,18.0,18.0,1,France,17/7/11,14:56,2011-07,Household,Rugs, SET OF 6 SOLDIER SKITTLES          
432,432,561470,0.42,10.5,25,France,27/7/11,13:14,2011-07,Household,Curtains, JUMBO SHOPPER VINTAGE RED PAISLEY  
433,433,564897,0.83,59.76,72,France,31/8/11,11:22,2011-08,Clothes,Tops, STAR DECORATION PAINTED ZINC       
434,434,543188,0.85,10.2,12,France,4/2/11,11:45,2011-02,Household,Rugs, HOMEMADE JAM SCENTED CANDLES       
435,435,540642,1.65,19.8,12,France,10/1/11,13:22,2011-01,Clothes,Hats, CORONA MEXICAN TRAY                
436,436,540642,4.95,14.85,3,France,10/1/11,13:22,2011-01,Garden,Turf, CUSHION COVER PINK UNION JACK      
437,437,579792,1.25,30.0,24,France,30/11/11,15:43,2011-11,Clothes,Tops, LUNCH BAG WOODLAND                 
438,438,580705,4.95,19.8,4,France,5/12/11,16:28,2011-12,Kitchen,Plates, COWBOYS AND INDIANS BIRTHDAY CARD  
439,439,570672,0.85,8.5,10,France,11/10/11,14:52,2011-10,Clothes,Hats, GIRAFFE WOODEN RULER               
440,440,541120,1.25,15.0,12,France,14/1/11,09:13,2011-01,Kitchen,Cooking Knives, VINTAGE CHRISTMAS GIFT BAG LARGE   
441,441,566816,2.55,61.2,24,France,15/9/11,10:53,2011-09,Kitchen,Scales, FELTCRAFT PRINCESS CHARLOTTE DOLL  
442,442,555941,0.85,10.2,12,France,8/6/11,10:10,2011-06,Garden,Rakes, FAIRY TALE COTTAGE NIGHT LIGHT     
443,443,563288,0.42,10.5,25,France,15/8/11,12:53,2011-08,Household,Rugs, SET OF 5 PANCAKE DAY MAGNETS       
444,444,547504,1.95,15.6,8,France,23/3/11,13:33,2011-03,Garden,Turf, SET OF 4 KNICK KNACK TINS LEAVES   
445,445,552631,0.65,15.6,24,France,10/5/11,12:55,2011-05,Clothes,Shoes, HEN HOUSE W CHICK STANDING         
446,446,540239,1.25,15.0,12,France,5/1/11,14:48,2011-01,Kitchen,Coasters, PACK OF 12 CIRCUS PARADE TISSUES   
447,447,539050,2.1,2.1,1,France,15/12/10,16:21,2010-12,Kitchen,Coasters, YELLOW GIANT GARDEN THERMOMETER    
448,448,541120,1.95,15.6,8,France,14/1/11,09:13,2011-01,Garden,Hoses, BLUE POLKADOT PLATE                
449,449,577295,1.79,128.88,72,France,18/11/11,12:46,2011-11,Clothes,Hats, SET OF 6 RIBBONS VINTAGE CHRISTMAS 
450,450,570851,4.15,132.8,32,France,12/10/11,14:46,2011-10,Kitchen,Scales, PINK & WHITE BREAKFAST TRAY        
451,451,564670,18.0,108.0,6,France,26/8/11,15:44,2011-08,Garden,Hoses, BLUE & WHITE BREAKFAST TRAY        
452,452,547892,1.25,15.0,12,France,28/3/11,10:15,2011-03,Kitchen,Bowls, PINK BUTTERFLY CUSHION COVER       
453,453,544817,1.65,19.8,12,France,23/2/11,16:44,2011-02,Household,Lamps, BIRDS MOBILE VINTAGE DESIGN        
454,454,541121,2.95,44.25,15,France,14/1/11,09:20,2011-01,Clothes,Hats, DINOSAUR KEYRINGS ASSORTED         
455,455,552631,0.85,10.2,12,France,10/5/11,12:55,2011-05,Kitchen,Coasters, CHILDRENS CUTLERY SPACEBOY         
456,456,567640,1.95,15.6,8,France,21/9/11,14:08,2011-09,Household,Chairs, MILK PAN RED RETROSPOT             
457,457,575067,0.55,13.2,24,France,8/11/11,12:45,2011-11,Kitchen,Bowls, PLASTERS IN TIN WOODLAND ANIMALS   
458,458,565322,1.65,26.4,16,France,2/9/11,13:15,2011-09,Garden,Rakes, FAIRY CAKE BIRTHDAY CANDLE SET     
459,459,580536,18.0,54.0,3,France,4/12/11,16:07,2011-12,Clothes,Shoes, BAKING SET 9 PIECE RETROSPOT       
460,460,570672,1.45,17.4,12,France,11/10/11,14:52,2011-10,Household,Rugs, RECYCLED ACAPULCO MAT PINK         
461,461,568040,2.55,15.3,6,France,23/9/11,12:09,2011-09,Kitchen,Coasters, HOLIDAY FUN LUDO                   
462,462,536370,0.42,10.08,24,France,1/12/10,08:45,2010-12,Garden,Rakes, ASSORTED COLOUR LIZARD SUCTION HOOK
463,463,575193,1.65,16.5,10,France,9/11/11,09:34,2011-11,Clothes,Tops, SET 3 RETROSPOT TEA COFFEE SUGAR   
464,464,563288,4.95,39.6,8,France,15/8/11,12:53,2011-08,Kitchen,Cutlery, GREEN POLKADOT BOWL                
465,465,557734,0.65,31.2,48,France,22/6/11,11:20,2011-06,Garden,Seeds, TOY TIDY SPACEBOY                  
466,466,547087,1.65,13.2,8,France,20/3/11,15:58,2011-03,Garden,Seeds, RED RETROSPOT CHILDRENS UMBRELLA   
467,467,540365,0.85,10.2,12,France,6/1/11,16:12,2011-01,Clothes,Shoes, PACK OF 60 SPACEBOY CAKE CASES     
468,468,570672,8.25,16.5,2,France,11/10/11,14:52,2011-10,Kitchen,Bowls, ROUND SNACK BOXES SET OF4 WOODLAND 
469,469,559607,3.75,15.0,4,France,11/7/11,11:39,2011-07,Garden,Hoses, 12 PENCILS TALL TUBE SKULLS        
470,470,541138,1.65,19.8,12,France,14/1/11,10:42,2011-01,Garden,Turf, RED RETROSPOT CAKE STAND           
471,471,540463,1.65,9.9,6,France,7/1/11,13:13,2011-01,Garden,Hoses, ICE CREAM SUNDAE LIP GLOSS         
472,472,570672,2.08,12.48,6,France,11/10/11,14:52,2011-10,Household,Rugs, PINK PARTY BAGS                    
473,473,555547,1.65,19.8,12,France,5/6/11,13:13,2011-06,Clothes,Hats, LARGE HEART MEASURING SPOONS       
474,474,568798,0.42,10.5,25,France,29/9/11,10:23,2011-09,Kitchen,Cooking Knives, MINI PAINT SET VINTAGE             
475,475,538008,10.95,21.9,2,France,9/12/10,12:17,2010-12,Clothes,Tops, RED RETROSPOT OVEN GLOVE           
476,476,555096,4.15,16.6,4,France,31/5/11,13:32,2011-05,Kitchen,Plates, PACK OF 72 SKULL CAKE CASES        
477,477,541631,0.65,7.8,12,France,20/1/11,10:48,2011-01,Kitchen,Scales, SMALL HEART MEASURING SPOONS       
478,478,545301,1.25,30.0,24,France,1/3/11,12:26,2011-03,Garden,Seeds, CLASSIC FRENCH STYLE BASKET NATURAL
479,479,552315,0.42,5.04,12,France,8/5/11,16:10,2011-05,Garden,Hoses, CHILDRENS APRON SPACEBOY DESIGN    
480,480,570672,1.25,10.0,8,France,11/10/11,14:52,2011-10,Clothes,Tops, CHARLOTTE BAG PINK POLKADOT        
481,481,575067,4.95,44.55,9,France,8/11/11,12:45,2011-11,Garden,Seeds, RED RETROSPOT CHARLOTTE BAG        
482,482,560398,0.39,9.36,24,France,18/7/11,14:10,2011-07,Garden,Hoses, WATERING CAN GREEN DINOSAUR        
483,483,541567,0.85,17.0,20,France,19/1/11,11:51,2011-01,Household,Lamps, LUNCH BAG SPACEBOY DESIGN          
484,484,575692,1.25,2.5,2,France,10/11/11,16:27,2011-11,Kitchen,Coasters, MEASURING TAPE BABUSHKA BLUE       
485,485,543484,0.42,10.5,25,France,9/2/11,10:11,2011-02,Garden,Turf, POSTAGE                            
486,486,578736,1.79,214.8,120,France,25/11/11,11:33,2011-11,Kitchen,Cooking Knives, SET/2 RED RETROSPOT TEA TOWELS     
487,487,570841,18.0,36.0,2,France,12/10/11,14:18,2011-10,Household,Curtains, MIRRORED WALL ART POPPIES          
488,488,541138,0.85,20.4,24,France,14/1/11,10:42,2011-01,Kitchen,Cooking Knives, LUNCH BAG SPACEBOY DESIGN          
489,489,574506,8.25,8.25,1,France,4/11/11,13:24,2011-11,Household,Chairs, BLUE 3 PIECE POLKADOT CUTLERY SET  
490,490,565931,2.25,18.0,8,France,8/9/11,10:35,2011-09,Clothes,Shoes, SET 3 RETROSPOT TEA COFFEE SUGAR   
491,491,553208,2.08,24.96,12,France,16/5/11,09:10,2011-05,Kitchen,Scales, ROUND SNACK BOXES SET OF4 WOODLAND 
492,492,573402,0.83,9.96,12,France,30/10/11,15:44,2011-10,Clothes,Tops, APPLE BATH SPONGE                  
493,493,554097,2.95,17.7,6,France,22/5/11,13:01,2011-05,Garden,Rakes, RECYCLED ACAPULCO MAT GREEN        
494,494,556886,1.25,30.0,24,France,15/6/11,12:34,2011-06,Clothes,Tops, RED RETROSPOT CUP                  
495,495,546428,1.25,15.0,12,France,13/3/11,14:55,2011-03,Household,Lamps, 36 PENCILS TUBE WOODLAND           
496,496,545515,0.85,10.2,12,France,3/3/11,12:06,2011-03,Garden,Turf, PACK OF 60 MUSHROOM CAKE CASES     
497,497,575747,3.25,19.5,6,France,11/11/11,10:19,2011-11,Clothes,Tops, RETROSPOT HEART HOT WATER BOTTLE   
498,498,554648,2.08,20.8,10,France,25/5/11,12:44,2011-05,Household,Lamps, BLUE POLKADOT CUP                  
499,499,542904,1.65,39.6,24,France,1/2/11,14:58,2011-02,Clothes,Hats, RED RETROSPOT BOWL                 
500,500,553411,1.65,16.5,10,France,17/5/11,09:28,2011-05,Garden,Rakes, JUMBO BAG ALPHABET                 
501,501,542629,1.25,60.0,48,France,31/1/11,09:57,2011-01,Kitchen,Bowls, HOMEMADE JAM SCENTED CANDLES       
502,502,575747,1.25,30.0,24,France,11/11/11,10:19,2011-11,Garden,Rakes, BROWN CHECK CAT DOORSTOP           
503,503,574918,0.65,14.3,22,France,7/11/11,16:31,2011-11,Garden,Seeds, GLASS JAR DIGESTIVE BISCUITS       
504,504,564173,4.15,24.9,6,France,23/8/11,14:23,2011-08,Garden,Seeds, JUMBO BAG DOILEY PATTERNS          
505,505,541120,2.95,35.4,12,France,14/1/11,09:13,2011-01,Household,Chairs, ROSES REGENCY TEACUP AND SAUCER    
506,506,576927,4.15,16.6,4,France,17/11/11,11:02,2011-11,Garden,Seeds, ANTIQUE SILVER TEA GLASS ENGRAVED  
507,507,569568,4.95,19.8,4,France,5/10/11,09:57,2011-10,Kitchen,Cooking Knives, RETRO MOD TRAY                     
508,508,574104,4.95,39.6,8,France,3/11/11,10:45,2011-11,Garden,Turf, JUMBO BAG DOLLY GIRL DESIGN        
509,509,552631,0.42,10.08,24,France,10/5/11,12:55,2011-05,Garden,Turf, RED RETROSPOT PUDDING BOWL         
510,510,554940,2.1,25.2,12,France,27/5/11,13:49,2011-05,Garden,Rakes, PACK OF 20 SPACEBOY NAPKINS        
511,511,581587,4.15,16.6,4,France,9/12/11,12:50,2011-12,Garden,Hoses, DOTCOM POSTAGE                     
512,512,541567,0.85,8.5,10,France,19/1/11,11:51,2011-01,Kitchen,Coasters, WRAP ENGLISH ROSE                  
513,513,540365,0.85,20.4,24,France,6/1/11,16:12,2011-01,Clothes,Shoes, WOOD STAMP SET THANK YOU           
514,514,570724,1.25,15.0,12,France,12/10/11,11:22,2011-10,Garden,Hoses, GREEN POLKADOT BOWL                
515,515,579345,4.95,14.85,3,France,29/11/11,11:46,2011-11,Garden,Seeds, TOY TIDY SPACEBOY                  
516,516,565854,4.15,33.2,8,France,7/9/11,13:22,2011-09,Kitchen,Bowls, RED RETROSPOT CHILDRENS UMBRELLA   
517,517,574093,2.1,12.6,6,France,3/11/11,09:43,2011-11,Garden,Hoses, PACK OF 60 SPACEBOY CAKE CASES     
518,518,544069,2.95,17.7,6,France,15/2/11,14:17,2011-02,Clothes,Shoes, ROUND SNACK BOXES SET OF4 WOODLAND 
519,519,564897,1.79,515.52,288,France,31/8/11,11:22,2011-08,Garden,Turf, 12 PENCILS TALL TUBE SKULLS        
520,520,565930,1.25,20.0,16,France,8/9/11,10:32,2011-09,Kitchen,Cutlery, RED RETROSPOT CAKE STAND           
521,521,542629,2.1,25.2,12,France,31/1/11,09:57,2011-01,Kitchen,Coasters, ICE CREAM SUNDAE LIP GLOSS         
522,522,551544,0.85,20.4,24,France,3/5/11,09:33,2011-05,Kitchen,Cooking Knives, PINK PARTY BAGS                    
523,523,539727,18.0,18.0,1,France,21/12/10,14:26,2010-12,Household,Rugs, LARGE HEART MEASURING SPOONS       
524,524,566115,0.42,5.04,12,France,9/9/11,10:51,2011-09,Clothes,Hats, MINI PAINT SET VINTAGE             
525,525,547194,1.65,4.95,3,France,21/3/11,12:42,2011-03,Kitchen,Coasters, RED RETROSPOT OVEN GLOVE           
526,526,559704,18.0,72.0,4,France,12/7/11,09:54,2011-07,Kitchen,Bowls, PACK OF 72 SKULL CAKE CASES        
527,527,568040,0.85,8.5,10,France,23/9/11,12:09,2011-09,Kitchen,Cutlery, SMALL HEART MEASURING SPOONS       
528,528,563926,0.29,13.92,48,France,21/8/11,14:42,2011-08,Garden,Hoses, CLASSIC FRENCH STYLE BASKET NATURAL
529,529,556526,4.15,33.2,8,France,13/6/11,11:33,2011-06,Kitchen,Cooking Knives, CHILDRENS APRON SPACEBOY DESIGN    
530,530,573891,5.95,35.7,6,France,1/11/11,13:56,2011-11,Garden,Hoses, CHARLOTTE BAG PINK POLKADOT        
531,531,547492,1.25,30.0,24,France,23/3/11,12:06,2011-03,Garden,Seeds, RED RETROSPOT CHARLOTTE BAG        
532,532,547194,4.95,14.85,3,France,21/3/11,12:42,2011-03,Clothes,Hats, WATERING CAN GREEN DINOSAUR        
533,533,567552,0.82,8.2,10,France,21/9/11,10:40,2011-09,Garden,Rakes, LUNCH BAG SPACEBOY DESIGN          
534,534,574501,0.12,0.36,3,France,4/11/11,13:15,2011-11,Garden,Seeds, MEASURING TAPE BABUSHKA BLUE       
535,535,547504,2.1,75.6,36,France,23/3/11,13:33,2011-03,Clothes,Tops, POSTAGE                            
536,536,574252,8.5,17.0,2,France,3/11/11,13:24,2011-11,Kitchen,Scales, SET/2 RED RETROSPOT TEA TOWELS     
537,537,575629,0.83,9.96,12,France,10/11/11,13:34,2011-11,Household,Curtains, MIRRORED WALL ART POPPIES          
538,538,547194,0.42,0.42,1,France,21/3/11,12:42,2011-03,Garden,Turf, LUNCH BAG SPACEBOY DESIGN          
539,539,551539,0.85,40.8,48,France,3/5/11,08:40,2011-05,Kitchen,Scales, BLUE 3 PIECE POLKADOT CUTLERY SET  
540,540,547892,1.65,16.5,10,France,28/3/11,10:15,2011-03,Clothes,Tops, SET 3 RETROSPOT TEA COFFEE SUGAR   
541,541,542535,8.95,44.75,5,France,28/1/11,13:37,2011-01,Household,Lamps, ROUND SNACK BOXES SET OF4 WOODLAND 
542,542,548737,2.55,15.3,6,France,4/4/11,11:18,2011-04,Kitchen,Bowls, RECYCLED ACAPULCO MAT GREEN        
543,543,576672,1.65,49.5,30,France,16/11/11,11:59,2011-11,Household,Rugs, RED RETROSPOT CUP                  
544,544,556463,0.19,68.4,360,France,12/6/11,10:47,2011-06,Garden,Hoses, 36 PENCILS TUBE WOODLAND           
545,545,540178,0.42,5.04,12,France,5/1/11,12:42,2011-01,Household,Rugs, PACK OF 60 MUSHROOM CAKE CASES     
546,546,563926,1.25,12.5,10,France,21/8/11,14:42,2011-08,Clothes,Hats, RETROSPOT HEART HOT WATER BOTTLE   
547,547,577344,18.0,18.0,1,France,18/11/11,15:14,2011-11,Kitchen,Bowls, BLUE POLKADOT CUP                  
548,548,562275,1.25,10.0,8,France,4/8/11,10:04,2011-08,Household,Curtains, RED RETROSPOT BOWL                 
549,549,566256,0.39,4.68,12,France,11/9/11,12:27,2011-09,Garden,Rakes, JUMBO BAG ALPHABET                 
550,550,541631,2.1,25.2,12,France,20/1/11,10:47,2011-01,Garden,Seeds, HOMEMADE JAM SCENTED CANDLES       
551,551,542629,2.55,30.6,12,France,31/1/11,09:57,2011-01,Clothes,Tops, BROWN CHECK CAT DOORSTOP           
552,552,559704,1.25,10.0,8,France,12/7/11,09:54,2011-07,Kitchen,Cutlery, GLASS JAR DIGESTIVE BISCUITS       
553,553,548496,0.85,20.4,24,France,31/3/11,13:40,2011-03,Clothes,Hats, JUMBO BAG DOILEY PATTERNS          
554,554,553577,2.55,30.6,12,France,18/5/11,10:34,2011-05,Garden,Rakes, ROSES REGENCY TEACUP AND SAUCER    
555,555,539050,1.25,1.25,1,France,15/12/10,16:21,2010-12,Kitchen,Cutlery, ANTIQUE SILVER TEA GLASS ENGRAVED  
556,556,579708,1.65,16.5,10,France,30/11/11,14:16,2011-11,Household,Lamps, RETRO MOD TRAY                     
557,557,552826,7.95,15.9,2,France,11/5/11,13:20,2011-05,Clothes,Hats, JUMBO BAG DOLLY GIRL DESIGN        
558,558,567618,2.08,20.8,10,France,21/9/11,12:26,2011-09,Household,Curtains, RED RETROSPOT PUDDING BOWL         
559,559,556816,0.85,17.0,20,France,15/6/11,09:01,2011-06,Kitchen,Coasters, PACK OF 20 SPACEBOY NAPKINS        
560,560,569699,1.25,2.5,2,France,5/10/11,15:52,2011-10,Kitchen,Coasters, DOTCOM POSTAGE                     
561,561,564670,1.65,19.8,12,France,26/8/11,15:44,2011-08,Household,Chairs, WRAP ENGLISH ROSE                  
562,562,555096,2.08,20.8,10,France,31/5/11,13:32,2011-05,Kitchen,Cutlery, WOOD STAMP SET THANK YOU           
563,563,540239,1.25,15.0,12,France,5/1/11,14:48,2011-01,Kitchen,Scales, GREEN POLKADOT BOWL                
564,564,567910,18.0,18.0,1,France,22/9/11,16:58,2011-09,Garden,Seeds, TOY TIDY SPACEBOY                  
565,565,580986,0.21,5.04,24,France,6/12/11,16:34,2011-12,Garden,Rakes, RED RETROSPOT CHILDRENS UMBRELLA   
566,566,538093,1.65,19.8,12,France,9/12/10,14:49,2010-12,Clothes,Tops, PACK OF 60 SPACEBOY CAKE CASES     
567,567,538093,0.85,10.2,12,France,9/12/10,14:49,2010-12,Household,Lamps, ROUND SNACK BOXES SET OF4 WOODLAND 
568,568,578541,6.75,13.5,2,France,24/11/11,15:01,2011-11,Garden,Rakes, 12 PENCILS TALL TUBE SKULLS        
569,569,579792,1.25,10.0,8,France,30/11/11,15:43,2011-11,Household,Curtains, RED RETROSPOT CAKE STAND           
570,570,576941,2.08,20.8,10,France,17/11/11,11:34,2011-11,Garden,Rakes, ICE CREAM SUNDAE LIP GLOSS         
571,571,560398,6.75,67.5,10,France,18/7/11,14:10,2011-07,Household,Rugs, PINK PARTY BAGS                    
572,572,547892,3.75,15.0,4,France,28/3/11,10:15,2011-03,Clothes,Hats, LARGE HEART MEASURING SPOONS       
573,573,546373,0.65,15.6,24,France,11/3/11,12:00,2011-03,Kitchen,Plates, MINI PAINT SET VINTAGE             
574,574,555531,1.95,163.8,84,France,5/6/11,11:53,2011-06,Garden,Hoses, RED RETROSPOT OVEN GLOVE           
575,575,580705,4.15,16.6,4,France,5/12/11,16:28,2011-12,Household,Chairs, GYMKHANA TREASURE BOOK BOX         
576,576,568953,0.85,40.8,48,France,29/9/11,15:31,2011-09,Household,Rugs, SET OF 5 LUCKY CAT MAGNETS         
577,577,573153,2.55,244.8,96,France,28/10/11,07:39,2011-10,Clothes,Tops, 6 GIFT TAGS VINTAGE CHRISTMAS      
578,578,544355,0.65,7.8,12,France,18/2/11,10:53,2011-02,Garden,Hoses, RED HEART SHAPE LOVE BUCKET        
579,579,553843,4.15,16.6,4,France,19/5/11,12:29,2011-05,Household,Lamps, JUNGLE POPSICLES ICE LOLLY MOULDS  
580,580,561795,3.25,19.5,6,France,29/7/11,13:28,2011-07,Clothes,Tops, BASKET OF TOADSTOOLS               
581,581,545051,18.0,18.0,1,France,27/2/11,11:58,2011-02,Household,Lamps, SMALL POPCORN HOLDER               
582,582,561795,0.42,10.5,25,France,29/7/11,13:28,2011-07,Clothes,Hats, CARDHOLDER GINGHAM CHRISTMAS TREE  
583,583,552851,0.42,5.04,12,France,11/5/11,15:07,2011-05,Household,Chairs, JUMBO STORAGE BAG SUKI             
584,584,579345,18.0,72.0,4,France,29/11/11,11:46,2011-11,Household,Lamps, 5 HOOK HANGER RED MAGIC TOADSTOOL  
585,585,580160,0.42,8.4,20,France,2/12/11,10:47,2011-12,Clothes,Hats, PINK REGENCY TEACUP AND SAUCER     
586,586,556924,1.95,46.8,24,France,15/6/11,14:14,2011-06,Household,Lamps, WHITE HEART CONFETTI IN TUBE       
587,587,543484,1.95,19.5,10,France,9/2/11,10:11,2011-02,Garden,Hoses, ALARM CLOCK BAKELIKE RED           
588,588,566163,3.75,30.0,8,France,9/9/11,11:48,2011-09,Garden,Seeds, LUNCH BAG SUKI  DESIGN             
589,589,547892,1.65,19.8,12,France,28/3/11,10:15,2011-03,Clothes,Tops, TRADITIONAL WOODEN SKIPPING ROPE   
590,590,555547,2.55,15.3,6,France,5/6/11,13:13,2011-06,Clothes,Shoes, DOORMAT UNION FLAG                 
591,591,564479,1.65,19.8,12,France,25/8/11,13:12,2011-08,Clothes,Shoes, UNION STRIPE WITH FRINGE  HAMMOCK  
592,592,551539,0.85,17.0,20,France,3/5/11,08:40,2011-05,Clothes,Hats, SPOTTY BUNTING                     
593,593,555569,2.95,17.7,6,France,5/6/11,15:29,2011-06,Kitchen,Cooking Knives, MODERN FLORAL STATIONERY SET       
594,594,550661,3.75,15.0,4,France,20/4/11,09:20,2011-04,Clothes,Tops, ASSORTED COLOUR MINI CASES         
595,595,540976,2.95,17.7,6,France,12/1/11,15:00,2011-01,Kitchen,Plates, RED SPOTTY BISCUIT TIN             
596,596,564531,0.42,5.04,12,France,25/8/11,15:04,2011-08,Garden,Rakes, SET OF 6 TEA TIME BAKING CASES     
597,597,576672,0.85,51.0,60,France,16/11/11,11:59,2011-11,Kitchen,Cutlery, DOLLY HONEYCOMB GARLAND            
598,598,580986,0.39,4.68,12,France,6/12/11,16:34,2011-12,Garden,Turf, VINTAGE CHRISTMAS STOCKING         
599,599,570724,11.95,23.9,2,France,12/10/11,11:22,2011-10,Clothes,Shoes, SQUARECUSHION COVER PINK UNION FLAG
600,600,561040,2.95,17.7,6,Australia,24/7/11,12:05,2011-07,Household,Lamps, WRAP ALPHABET DESIGN               
601,601,568695,1.65,39.6,24,Australia,28/9/11,14:55,2011-09,Garden,Seeds, BLUE POLKADOT PLATE                
602,602,569650,3.39,169.5,50,Australia,5/10/11,12:44,2011-10,Household,Curtains, BLUE CHARLIE+LOLA PERSONAL DOORSIGN
603,603,540700,1.65,16.5,10,Australia,11/1/11,09:47,2011-01,Garden,Rakes, FAIRY TALE COTTAGE NIGHT LIGHT     
604,604,565146,1.45,208.8,144,Australia,1/9/11,13:51,2011-09,Kitchen,Scales, MINI PAINT SET VINTAGE             
605,605,554126,6.75,67.5,10,Australia,23/5/11,09:14,2011-05,Kitchen,Plates, STORAGE TIN VINTAGE DOILY          
606,606,567085,7.95,15.9,2,Australia,16/9/11,12:38,2011-09,Garden,Rakes, SET 3 RETROSPOT TEA COFFEE SUGAR   
607,607,567085,4.95,14.85,3,Australia,16/9/11,12:38,2011-09,Clothes,Shoes, REGENCY MILK JUG PINK              
608,608,556917,1.25,90.0,72,Australia,15/6/11,13:37,2011-06,Household,Curtains, CARD CIRCUS PARADE                 
609,609,547659,7.95,15.9,2,Australia,24/3/11,13:05,2011-03,Household,Lamps, REGENCY SUGAR BOWL GREEN           
610,610,543989,3.25,312.0,96,Australia,15/2/11,09:52,2011-02,Household,Rugs, SMALL HEART MEASURING SPOONS       
611,611,559919,1.04,399.36,384,Australia,13/7/11,15:30,2011-07,Kitchen,Cutlery, CLASSIC FRENCH STYLE BASKET NATURAL
612,612,567085,1.65,19.8,12,Australia,16/9/11,12:38,2011-09,Kitchen,Plates, CHILDRENS APRON SPACEBOY DESIGN    
613,613,560033,2.55,30.6,12,Australia,14/7/11,13:28,2011-07,Clothes,Tops, CHARLOTTE BAG PINK POLKADOT        
614,614,545065,6.75,27.0,4,Australia,27/2/11,14:43,2011-02,Household,Rugs, RED RETROSPOT CHARLOTTE BAG        
615,615,543989,0.34,68.0,200,Australia,15/2/11,09:52,2011-02,Clothes,Shoes, WATERING CAN GREEN DINOSAUR        
616,616,545475,1.45,139.2,96,Australia,3/3/11,10:59,2011-03,Clothes,Shoes, LUNCH BAG SPACEBOY DESIGN          
617,617,553546,0.38,36.48,96,Australia,17/5/11,15:42,2011-05,Household,Curtains, MEASURING TAPE BABUSHKA BLUE       
618,618,576394,1.65,158.4,96,Australia,15/11/11,10:32,2011-11,Kitchen,Scales, POSTAGE                            
619,619,565145,0.55,633.6,1152,Australia,1/9/11,13:50,2011-09,Garden,Seeds, SET/2 RED RETROSPOT TEA TOWELS     
620,620,568145,2.89,52.02,18,Australia,25/9/11,11:30,2011-09,Clothes,Hats, MIRRORED WALL ART POPPIES          
621,621,545475,4.25,510.0,120,Australia,3/3/11,10:59,2011-03,Kitchen,Bowls, LUNCH BAG SPACEBOY DESIGN          
622,622,560473,3.25,13.0,4,Australia,19/7/11,10:42,2011-07,Kitchen,Bowls, BLUE 3 PIECE POLKADOT CUTLERY SET  
623,623,543989,0.36,51.84,144,Australia,15/2/11,09:52,2011-02,Kitchen,Coasters, SET 3 RETROSPOT TEA COFFEE SUGAR   
624,624,560473,4.15,16.6,4,Australia,19/7/11,10:42,2011-07,Household,Chairs, ROUND SNACK BOXES SET OF4 WOODLAND 
625,625,569722,2.08,41.6,20,Australia,6/10/11,09:31,2011-10,Household,Rugs, APPLE BATH SPONGE                  
626,626,563614,1.65,237.6,144,Australia,18/8/11,08:51,2011-08,Kitchen,Scales, RECYCLED ACAPULCO MAT GREEN        
627,627,553546,1.45,69.6,48,Australia,17/5/11,15:42,2011-05,Household,Lamps, RED RETROSPOT CUP                  
628,628,543376,2.95,53.1,18,Australia,7/2/11,15:10,2011-02,Garden,Hoses, 36 PENCILS TUBE WOODLAND           
629,629,576394,0.72,69.12,96,Australia,15/11/11,10:32,2011-11,Clothes,Shoes, PACK OF 60 MUSHROOM CAKE CASES     
630,630,556917,0.34,136.0,400,Australia,15/6/11,13:37,2011-06,Kitchen,Bowls, RETROSPOT HEART HOT WATER BOTTLE   
631,631,540267,3.39,271.2,80,Australia,6/1/11,11:12,2011-01,Household,Lamps, BLUE POLKADOT CUP                  
632,632,569723,2.08,20.8,10,Australia,6/10/11,09:32,2011-10,Garden,Seeds, RED RETROSPOT BOWL                 
633,633,578459,0.19,18.24,96,Australia,24/11/11,12:30,2011-11,Garden,Rakes, JUMBO BAG ALPHABET                 
634,634,556917,1.25,120.0,96,Australia,15/6/11,13:37,2011-06,Kitchen,Cooking Knives, HOMEMADE JAM SCENTED CANDLES       
635,635,539419,2.95,147.5,50,Australia,17/12/10,14:10,2010-12,Kitchen,Bowls, BROWN CHECK CAT DOORSTOP           
636,636,547659,5.95,47.6,8,Australia,24/3/11,13:05,2011-03,Kitchen,Cutlery, GLASS JAR DIGESTIVE BISCUITS       
637,637,563179,1.65,16.5,10,Australia,12/8/11,14:19,2011-08,Kitchen,Cutlery, JUMBO BAG DOILEY PATTERNS          
638,638,545475,0.36,51.84,144,Australia,3/3/11,10:59,2011-03,Garden,Seeds, ROSES REGENCY TEACUP AND SAUCER    
639,639,553546,1.65,237.6,144,Australia,17/5/11,15:42,2011-05,Clothes,Hats, ANTIQUE SILVER TEA GLASS ENGRAVED  
640,640,563614,1.04,124.8,120,Australia,18/8/11,08:51,2011-08,Household,Rugs, RETRO MOD TRAY                     
641,641,545475,3.39,488.16,144,Australia,3/3/11,10:59,2011-03,Clothes,Hats, JUMBO BAG DOLLY GIRL DESIGN        
642,642,568708,1.95,23.4,12,Australia,28/9/11,15:41,2011-09,Clothes,Tops, RED RETROSPOT PUDDING BOWL         
643,643,556917,1.85,222.0,120,Australia,15/6/11,13:37,2011-06,Garden,Hoses, PACK OF 20 SPACEBOY NAPKINS        
644,644,556917,3.75,180.0,48,Australia,15/6/11,13:37,2011-06,Household,Rugs, DOTCOM POSTAGE                     
645,645,540267,0.37,44.4,120,Australia,6/1/11,11:12,2011-01,Household,Curtains, WRAP ENGLISH ROSE                  
646,646,545475,0.25,108.0,432,Australia,3/3/11,10:59,2011-03,Clothes,Tops, WOOD STAMP SET THANK YOU           
647,647,553546,4.95,178.2,36,Australia,17/5/11,15:42,2011-05,Kitchen,Plates, GREEN POLKADOT BOWL                
648,648,540267,1.45,139.2,96,Australia,6/1/11,11:12,2011-01,Kitchen,Plates, TOY TIDY SPACEBOY                  
649,649,563614,2.49,179.28,72,Australia,18/8/11,08:51,2011-08,Kitchen,Plates, RED RETROSPOT CHILDRENS UMBRELLA   
650,650,553148,2.95,11.8,4,Hong Kong,13/5/11,14:09,2011-05,Clothes,Shoes, PACK OF 60 SPACEBOY CAKE CASES     
651,651,553148,2.95,11.8,4,Hong Kong,13/5/11,14:09,2011-05,Household,Rugs, ROUND SNACK BOXES SET OF4 WOODLAND 
652,652,553148,1.95,11.7,6,Hong Kong,13/5/11,14:09,2011-05,Household,Rugs, 12 PENCILS TALL TUBE SKULLS        
653,653,553148,5.95,17.85,3,Hong Kong,13/5/11,14:09,2011-05,Garden,Rakes, RED RETROSPOT CAKE STAND           
654,654,571652,0.21,7.56,36,Hong Kong,18/10/11,12:17,2011-10,Household,Rugs, ICE CREAM SUNDAE LIP GLOSS         
655,655,564087,4.15,99.6,24,Hong Kong,23/8/11,09:38,2011-08,Kitchen,Cooking Knives, PINK PARTY BAGS                    
656,656,549738,3.75,45.0,12,Hong Kong,12/4/11,09:28,2011-04,Household,Lamps, LARGE HEART MEASURING SPOONS       
657,657,541975,1.65,59.4,36,Hong Kong,24/1/11,14:24,2011-01,Garden,Rakes, MINI PAINT SET VINTAGE             
658,658,571652,3.75,15.0,4,Hong Kong,18/10/11,12:17,2011-10,Household,Curtains, RED RETROSPOT OVEN GLOVE           
659,659,571652,4.95,14.85,3,Hong Kong,18/10/11,12:17,2011-10,Kitchen,Bowls, PACK OF 72 SKULL CAKE CASES        
660,660,564087,8.25,66.0,8,Hong Kong,23/8/11,09:38,2011-08,Kitchen,Cooking Knives, SMALL HEART MEASURING SPOONS       
661,661,571652,3.75,15.0,4,Hong Kong,18/10/11,12:17,2011-10,Garden,Hoses, CLASSIC FRENCH STYLE BASKET NATURAL
662,662,571652,0.42,10.08,24,Hong Kong,18/10/11,12:17,2011-10,Clothes,Hats, CHILDRENS APRON SPACEBOY DESIGN    
663,663,564087,4.95,39.6,8,Hong Kong,23/8/11,09:38,2011-08,Clothes,Hats, CHARLOTTE BAG PINK POLKADOT        
664,664,564087,1.25,20.0,16,Hong Kong,23/8/11,09:38,2011-08,Household,Rugs, RED RETROSPOT CHARLOTTE BAG        
665,665,541975,2.1,52.5,25,Hong Kong,24/1/11,14:24,2011-01,Clothes,Tops, WATERING CAN GREEN DINOSAUR        
666,666,541975,3.25,19.5,6,Hong Kong,24/1/11,14:24,2011-01,Garden,Turf, LUNCH BAG SPACEBOY DESIGN          
667,667,553148,0.55,13.2,24,Hong Kong,13/5/11,14:09,2011-05,Clothes,Shoes, MEASURING TAPE BABUSHKA BLUE       
668,668,541975,2.55,244.8,96,Hong Kong,24/1/11,14:24,2011-01,Clothes,Tops, POSTAGE                            
669,669,564087,0.85,10.2,12,Hong Kong,23/8/11,09:38,2011-08,Garden,Turf, SET/2 RED RETROSPOT TEA TOWELS     
670,670,541975,10.95,43.8,4,Hong Kong,24/1/11,14:24,2011-01,Clothes,Hats, MIRRORED WALL ART POPPIES          
671,671,571652,1.25,30.0,24,Hong Kong,18/10/11,12:17,2011-10,Household,Lamps, LUNCH BAG SPACEBOY DESIGN          
672,672,553148,2.1,12.6,6,Hong Kong,13/5/11,14:09,2011-05,Household,Curtains, BLUE 3 PIECE POLKADOT CUTLERY SET  
673,673,564087,1.65,19.8,12,Hong Kong,23/8/11,09:38,2011-08,Garden,Hoses, SET 3 RETROSPOT TEA COFFEE SUGAR   
674,674,573154,0.65,23.4,36,Hong Kong,28/10/11,08:20,2011-10,Kitchen,Cutlery, ROUND SNACK BOXES SET OF4 WOODLAND 
675,675,564087,1.25,12.5,10,Hong Kong,23/8/11,09:38,2011-08,Household,Curtains, RECYCLED ACAPULCO MAT GREEN        
676,676,553148,0.55,13.2,24,Hong Kong,13/5/11,14:09,2011-05,Garden,Hoses, RED RETROSPOT CUP                  
677,677,553148,0.85,10.2,12,Hong Kong,13/5/11,14:09,2011-05,Kitchen,Scales, 36 PENCILS TUBE WOODLAND           
678,678,553148,3.95,31.6,8,Hong Kong,13/5/11,14:09,2011-05,Garden,Rakes, PACK OF 60 MUSHROOM CAKE CASES     
679,679,549738,1.95,15.6,8,Hong Kong,12/4/11,09:28,2011-04,Clothes,Shoes, RETROSPOT HEART HOT WATER BOTTLE   
680,680,553148,0.85,8.5,10,Hong Kong,13/5/11,14:09,2011-05,Kitchen,Coasters, BLUE POLKADOT CUP                  
681,681,553148,0.85,8.5,10,Hong Kong,13/5/11,14:09,2011-05,Clothes,Hats, RED RETROSPOT BOWL                 
682,682,571652,1.95,11.7,6,Hong Kong,18/10/11,12:17,2011-10,Clothes,Shoes, JUMBO BAG ALPHABET                 
683,683,553148,1.65,16.5,10,Hong Kong,13/5/11,14:09,2011-05,Kitchen,Bowls, HOMEMADE JAM SCENTED CANDLES       
684,684,564087,2.95,53.1,18,Hong Kong,23/8/11,09:38,2011-08,Household,Lamps, BROWN CHECK CAT DOORSTOP           
685,685,557675,15.0,15.0,1,Hong Kong,22/6/11,10:27,2011-06,Garden,Rakes, GLASS JAR DIGESTIVE BISCUITS       
686,686,553148,3.25,19.5,6,Hong Kong,13/5/11,14:09,2011-05,Household,Rugs, JUMBO BAG DOILEY PATTERNS          
687,687,553148,2.55,15.3,6,Hong Kong,13/5/11,14:09,2011-05,Garden,Seeds, ROSES REGENCY TEACUP AND SAUCER    
688,688,541975,1.65,66.0,40,Hong Kong,24/1/11,14:24,2011-01,Household,Chairs, ANTIQUE SILVER TEA GLASS ENGRAVED  
689,689,541975,3.75,90.0,24,Hong Kong,24/1/11,14:24,2011-01,Clothes,Shoes, RETRO MOD TRAY                     
690,690,541975,4.95,19.8,4,Hong Kong,24/1/11,14:24,2011-01,Clothes,Tops, JUMBO BAG DOLLY GIRL DESIGN        
691,691,564087,2.55,122.4,48,Hong Kong,23/8/11,09:38,2011-08,Garden,Hoses, RED RETROSPOT PUDDING BOWL         
692,692,549738,1.25,12.5,10,Hong Kong,12/4/11,09:28,2011-04,Garden,Hoses, PACK OF 20 SPACEBOY NAPKINS        
693,693,564087,8.25,66.0,8,Hong Kong,23/8/11,09:38,2011-08,Garden,Hoses, DOTCOM POSTAGE                     
694,694,553148,0.85,27.2,32,Hong Kong,13/5/11,14:09,2011-05,Household,Curtains, WRAP ENGLISH ROSE                  
695,695,564087,1.25,20.0,16,Hong Kong,23/8/11,09:38,2011-08,Clothes,Tops, WOOD STAMP SET THANK YOU           
696,696,553148,0.55,13.2,24,Hong Kong,13/5/11,14:09,2011-05,Garden,Hoses, GREEN POLKADOT BOWL                
697,697,564087,4.95,29.7,6,Hong Kong,23/8/11,09:38,2011-08,Garden,Rakes, TOY TIDY SPACEBOY                  
698,698,553148,0.85,27.2,32,Hong Kong,13/5/11,14:09,2011-05,Kitchen,Cooking Knives, RED RETROSPOT CHILDRENS UMBRELLA   
699,699,564087,1.25,20.0,16,Hong Kong,23/8/11,09:38,2011-08,Clothes,Tops, PACK OF 60 SPACEBOY CAKE CASES     
